Intersection,PX,year,infractions
JARVIS ST. AND KING ST.,3,2007,0
JARVIS ST. AND KING ST.,3,2008,0
JARVIS ST. AND KING ST.,3,2009,83
JARVIS ST. AND KING ST.,3,2010,187
JARVIS ST. AND KING ST.,3,2011,104
JARVIS ST. AND KING ST.,3,2012,94
JARVIS ST. AND KING ST.,3,2013,138
JARVIS ST. AND KING ST.,3,2014,97
JARVIS ST. AND KING ST.,3,2015,122
JARVIS ST. AND KING ST.,3,2016,200
JARVIS ST. AND KING ST.,3,2017,588
JARVIS ST. AND DUNDAS ST.,8,2007,0
JARVIS ST. AND DUNDAS ST.,8,2008,0
JARVIS ST. AND DUNDAS ST.,8,2009,346
JARVIS ST. AND DUNDAS ST.,8,2010,494
JARVIS ST. AND DUNDAS ST.,8,2011,365
JARVIS ST. AND DUNDAS ST.,8,2012,427
JARVIS ST. AND DUNDAS ST.,8,2013,303
JARVIS ST. AND DUNDAS ST.,8,2014,254
JARVIS ST. AND DUNDAS ST.,8,2015,290
JARVIS ST. AND DUNDAS ST.,8,2016,465
JARVIS ST. AND DUNDAS ST.,8,2017,0
JARVIS ST. AND ISABELLA ST.,12,2007,
JARVIS ST. AND ISABELLA ST.,12,2008,
JARVIS ST. AND ISABELLA ST.,12,2009,
JARVIS ST. AND ISABELLA ST.,12,2010,
JARVIS ST. AND ISABELLA ST.,12,2011,
JARVIS ST. AND ISABELLA ST.,12,2012,
JARVIS ST. AND ISABELLA ST.,12,2013,
JARVIS ST. AND ISABELLA ST.,12,2014,
JARVIS ST. AND ISABELLA ST.,12,2015,
JARVIS ST. AND ISABELLA ST.,12,2016,
JARVIS ST. AND ISABELLA ST.,12,2017,83
YONGE ST. AND LAWRENCE AVE.,55,2007,0
YONGE ST. AND LAWRENCE AVE.,55,2008,0
YONGE ST. AND LAWRENCE AVE.,55,2009,188
YONGE ST. AND LAWRENCE AVE.,55,2010,131
YONGE ST. AND LAWRENCE AVE.,55,2011,740
YONGE ST. AND LAWRENCE AVE.,55,2012,963
YONGE ST. AND LAWRENCE AVE.,55,2013,864
YONGE ST. AND LAWRENCE AVE.,55,2014,772
YONGE ST. AND LAWRENCE AVE.,55,2015,402
YONGE ST. AND LAWRENCE AVE.,55,2016,255
YONGE ST. AND LAWRENCE AVE.,55,2017,155
UNIVERSITY AVE. AND WELLINGTON ST.,76,2007,
UNIVERSITY AVE. AND WELLINGTON ST.,76,2008,
UNIVERSITY AVE. AND WELLINGTON ST.,76,2009,
UNIVERSITY AVE. AND WELLINGTON ST.,76,2010,
UNIVERSITY AVE. AND WELLINGTON ST.,76,2011,
UNIVERSITY AVE. AND WELLINGTON ST.,76,2012,
UNIVERSITY AVE. AND WELLINGTON ST.,76,2013,
UNIVERSITY AVE. AND WELLINGTON ST.,76,2014,
UNIVERSITY AVE. AND WELLINGTON ST.,76,2015,
UNIVERSITY AVE. AND WELLINGTON ST.,76,2016,
UNIVERSITY AVE. AND WELLINGTON ST.,76,2017,994
UNIVERSITY AVE. AND ADELAIDE ST.,78,2007,
UNIVERSITY AVE. AND ADELAIDE ST.,78,2008,
UNIVERSITY AVE. AND ADELAIDE ST.,78,2009,
UNIVERSITY AVE. AND ADELAIDE ST.,78,2010,
UNIVERSITY AVE. AND ADELAIDE ST.,78,2011,
UNIVERSITY AVE. AND ADELAIDE ST.,78,2012,
UNIVERSITY AVE. AND ADELAIDE ST.,78,2013,
UNIVERSITY AVE. AND ADELAIDE ST.,78,2014,
UNIVERSITY AVE. AND ADELAIDE ST.,78,2015,
UNIVERSITY AVE. AND ADELAIDE ST.,78,2016,
UNIVERSITY AVE. AND ADELAIDE ST.,78,2017,244
UNIVERSITY AVE. AND RICHMOND ST.,79,2007,
UNIVERSITY AVE. AND RICHMOND ST.,79,2008,
UNIVERSITY AVE. AND RICHMOND ST.,79,2009,
UNIVERSITY AVE. AND RICHMOND ST.,79,2010,
UNIVERSITY AVE. AND RICHMOND ST.,79,2011,
UNIVERSITY AVE. AND RICHMOND ST.,79,2012,
UNIVERSITY AVE. AND RICHMOND ST.,79,2013,
UNIVERSITY AVE. AND RICHMOND ST.,79,2014,
UNIVERSITY AVE. AND RICHMOND ST.,79,2015,
UNIVERSITY AVE. AND RICHMOND ST.,79,2016,
UNIVERSITY AVE. AND RICHMOND ST.,79,2017,1334
UNIVERSITY AVE. AND QUEEN ST.,80,2007,
UNIVERSITY AVE. AND QUEEN ST.,80,2008,
UNIVERSITY AVE. AND QUEEN ST.,80,2009,
UNIVERSITY AVE. AND QUEEN ST.,80,2010,
UNIVERSITY AVE. AND QUEEN ST.,80,2011,
UNIVERSITY AVE. AND QUEEN ST.,80,2012,
UNIVERSITY AVE. AND QUEEN ST.,80,2013,
UNIVERSITY AVE. AND QUEEN ST.,80,2014,
UNIVERSITY AVE. AND QUEEN ST.,80,2015,
UNIVERSITY AVE. AND QUEEN ST.,80,2016,
UNIVERSITY AVE. AND QUEEN ST.,80,2017,740
EGLINTON AVE. AND MOUNT PLEASANT RD.,92,2007,0
EGLINTON AVE. AND MOUNT PLEASANT RD.,92,2008,0
EGLINTON AVE. AND MOUNT PLEASANT RD.,92,2009,93
EGLINTON AVE. AND MOUNT PLEASANT RD.,92,2010,221
EGLINTON AVE. AND MOUNT PLEASANT RD.,92,2011,156
EGLINTON AVE. AND MOUNT PLEASANT RD.,92,2012,109
EGLINTON AVE. AND MOUNT PLEASANT RD.,92,2013,121
EGLINTON AVE. AND MOUNT PLEASANT RD.,92,2014,143
EGLINTON AVE. AND MOUNT PLEASANT RD.,92,2015,149
EGLINTON AVE. AND MOUNT PLEASANT RD.,92,2016,24
EGLINTON AVE. AND MOUNT PLEASANT RD.,92,2017,0
EGLINTON AVE. AND SPADINA RD.,99,2007,0
EGLINTON AVE. AND SPADINA RD.,99,2008,0
EGLINTON AVE. AND SPADINA RD.,99,2009,0
EGLINTON AVE. AND SPADINA RD.,99,2010,752
EGLINTON AVE. AND SPADINA RD.,99,2011,813
EGLINTON AVE. AND SPADINA RD.,99,2012,954
EGLINTON AVE. AND SPADINA RD.,99,2013,774
EGLINTON AVE. AND SPADINA RD.,99,2014,683
EGLINTON AVE. AND SPADINA RD.,99,2015,683
EGLINTON AVE. AND SPADINA RD.,99,2016,713
EGLINTON AVE. AND SPADINA RD.,99,2017,975
AVENUE RD. AND LAWRENCE AVE.,119,2007,
AVENUE RD. AND LAWRENCE AVE.,119,2008,
AVENUE RD. AND LAWRENCE AVE.,119,2009,
AVENUE RD. AND LAWRENCE AVE.,119,2010,
AVENUE RD. AND LAWRENCE AVE.,119,2011,
AVENUE RD. AND LAWRENCE AVE.,119,2012,
AVENUE RD. AND LAWRENCE AVE.,119,2013,
AVENUE RD. AND LAWRENCE AVE.,119,2014,
AVENUE RD. AND LAWRENCE AVE.,119,2015,
AVENUE RD. AND LAWRENCE AVE.,119,2016,
AVENUE RD. AND LAWRENCE AVE.,119,2017,151
YONGE ST. AND STEELES AVE.,131,2007,
YONGE ST. AND STEELES AVE.,131,2008,
YONGE ST. AND STEELES AVE.,131,2009,
YONGE ST. AND STEELES AVE.,131,2010,
YONGE ST. AND STEELES AVE.,131,2011,
YONGE ST. AND STEELES AVE.,131,2012,
YONGE ST. AND STEELES AVE.,131,2013,
YONGE ST. AND STEELES AVE.,131,2014,
YONGE ST. AND STEELES AVE.,131,2015,
YONGE ST. AND STEELES AVE.,131,2016,
YONGE ST. AND STEELES AVE.,131,2017,128
LAKE SHORE BLVD. AND YORK ST.,205,2007,42
LAKE SHORE BLVD. AND YORK ST.,205,2008,635
LAKE SHORE BLVD. AND YORK ST.,205,2009,165
LAKE SHORE BLVD. AND YORK ST.,205,2010,238
LAKE SHORE BLVD. AND YORK ST.,205,2011,394
LAKE SHORE BLVD. AND YORK ST.,205,2012,592
LAKE SHORE BLVD. AND YORK ST.,205,2013,249
LAKE SHORE BLVD. AND YORK ST.,205,2014,310
LAKE SHORE BLVD. AND YORK ST.,205,2015,410
LAKE SHORE BLVD. AND YORK ST.,205,2016,271
LAKE SHORE BLVD. AND YORK ST.,205,2017,45
LAKE SHORE BLVD. AND LESLIE ST.,206,2007,0
LAKE SHORE BLVD. AND LESLIE ST.,206,2008,1
LAKE SHORE BLVD. AND LESLIE ST.,206,2009,252
LAKE SHORE BLVD. AND LESLIE ST.,206,2010,722
LAKE SHORE BLVD. AND LESLIE ST.,206,2011,512
LAKE SHORE BLVD. AND LESLIE ST.,206,2012,612
LAKE SHORE BLVD. AND LESLIE ST.,206,2013,334
LAKE SHORE BLVD. AND LESLIE ST.,206,2014,3
LAKE SHORE BLVD. AND LESLIE ST.,206,2015,16
LAKE SHORE BLVD. AND LESLIE ST.,206,2016,386
LAKE SHORE BLVD. AND LESLIE ST.,206,2017,191
LAKE SHORE BLVD. AND CARLAW AVE.,207,2007,0
LAKE SHORE BLVD. AND CARLAW AVE.,207,2008,0
LAKE SHORE BLVD. AND CARLAW AVE.,207,2009,214
LAKE SHORE BLVD. AND CARLAW AVE.,207,2010,1173
LAKE SHORE BLVD. AND CARLAW AVE.,207,2011,546
LAKE SHORE BLVD. AND CARLAW AVE.,207,2012,1097
LAKE SHORE BLVD. AND CARLAW AVE.,207,2013,768
LAKE SHORE BLVD. AND CARLAW AVE.,207,2014,623
LAKE SHORE BLVD. AND CARLAW AVE.,207,2015,583
LAKE SHORE BLVD. AND CARLAW AVE.,207,2016,732
LAKE SHORE BLVD. AND CARLAW AVE.,207,2017,566
ADELAIDE ST. AND PARLIAMENT ST.,214,2007,
ADELAIDE ST. AND PARLIAMENT ST.,214,2008,
ADELAIDE ST. AND PARLIAMENT ST.,214,2009,
ADELAIDE ST. AND PARLIAMENT ST.,214,2010,
ADELAIDE ST. AND PARLIAMENT ST.,214,2011,
ADELAIDE ST. AND PARLIAMENT ST.,214,2012,
ADELAIDE ST. AND PARLIAMENT ST.,214,2013,
ADELAIDE ST. AND PARLIAMENT ST.,214,2014,
ADELAIDE ST. AND PARLIAMENT ST.,214,2015,
ADELAIDE ST. AND PARLIAMENT ST.,214,2016,
ADELAIDE ST. AND PARLIAMENT ST.,214,2017,718
LAKE SHORE BLVD. AND SPADINA AVE. / LOWER SPADINA AVE.,215,2007,
LAKE SHORE BLVD. AND SPADINA AVE. / LOWER SPADINA AVE.,215,2008,
LAKE SHORE BLVD. AND SPADINA AVE. / LOWER SPADINA AVE.,215,2009,
LAKE SHORE BLVD. AND SPADINA AVE. / LOWER SPADINA AVE.,215,2010,
LAKE SHORE BLVD. AND SPADINA AVE. / LOWER SPADINA AVE.,215,2011,
LAKE SHORE BLVD. AND SPADINA AVE. / LOWER SPADINA AVE.,215,2012,
LAKE SHORE BLVD. AND SPADINA AVE. / LOWER SPADINA AVE.,215,2013,
LAKE SHORE BLVD. AND SPADINA AVE. / LOWER SPADINA AVE.,215,2014,
LAKE SHORE BLVD. AND SPADINA AVE. / LOWER SPADINA AVE.,215,2015,
LAKE SHORE BLVD. AND SPADINA AVE. / LOWER SPADINA AVE.,215,2016,
LAKE SHORE BLVD. AND SPADINA AVE. / LOWER SPADINA AVE.,215,2017,439
LAKE SHORE BLVD. AND STRACHAN AVE.,222,2007,
LAKE SHORE BLVD. AND STRACHAN AVE.,222,2008,
LAKE SHORE BLVD. AND STRACHAN AVE.,222,2009,
LAKE SHORE BLVD. AND STRACHAN AVE.,222,2010,
LAKE SHORE BLVD. AND STRACHAN AVE.,222,2011,
LAKE SHORE BLVD. AND STRACHAN AVE.,222,2012,
LAKE SHORE BLVD. AND STRACHAN AVE.,222,2013,
LAKE SHORE BLVD. AND STRACHAN AVE.,222,2014,
LAKE SHORE BLVD. AND STRACHAN AVE.,222,2015,
LAKE SHORE BLVD. AND STRACHAN AVE.,222,2016,
LAKE SHORE BLVD. AND STRACHAN AVE.,222,2017,104
RICHMOND ST. AND PARLIAMENT ST,223,2007,46
RICHMOND ST. AND PARLIAMENT ST,223,2008,1208
RICHMOND ST. AND PARLIAMENT ST,223,2009,909
RICHMOND ST. AND PARLIAMENT ST,223,2010,998
RICHMOND ST. AND PARLIAMENT ST,223,2011,827
RICHMOND ST. AND PARLIAMENT ST,223,2012,1100
RICHMOND ST. AND PARLIAMENT ST,223,2013,812
RICHMOND ST. AND PARLIAMENT ST,223,2014,721
RICHMOND ST. AND PARLIAMENT ST,223,2015,809
RICHMOND ST. AND PARLIAMENT ST,223,2016,829
RICHMOND ST. AND PARLIAMENT ST,223,2017,3994
LAKE SHORE BLVD. AND JAMESON AVE.,224,2007,
LAKE SHORE BLVD. AND JAMESON AVE.,224,2008,
LAKE SHORE BLVD. AND JAMESON AVE.,224,2009,
LAKE SHORE BLVD. AND JAMESON AVE.,224,2010,
LAKE SHORE BLVD. AND JAMESON AVE.,224,2011,
LAKE SHORE BLVD. AND JAMESON AVE.,224,2012,
LAKE SHORE BLVD. AND JAMESON AVE.,224,2013,
LAKE SHORE BLVD. AND JAMESON AVE.,224,2014,
LAKE SHORE BLVD. AND JAMESON AVE.,224,2015,
LAKE SHORE BLVD. AND JAMESON AVE.,224,2016,
LAKE SHORE BLVD. AND JAMESON AVE.,224,2017,2139
LAKE SHORE BLVD. AND WINDERMERE AVE.,229,2007,0
LAKE SHORE BLVD. AND WINDERMERE AVE.,229,2008,579
LAKE SHORE BLVD. AND WINDERMERE AVE.,229,2009,389
LAKE SHORE BLVD. AND WINDERMERE AVE.,229,2010,1040
LAKE SHORE BLVD. AND WINDERMERE AVE.,229,2011,955
LAKE SHORE BLVD. AND WINDERMERE AVE.,229,2012,1220
LAKE SHORE BLVD. AND WINDERMERE AVE.,229,2013,1366
LAKE SHORE BLVD. AND WINDERMERE AVE.,229,2014,770
LAKE SHORE BLVD. AND WINDERMERE AVE.,229,2015,896
LAKE SHORE BLVD. AND WINDERMERE AVE.,229,2016,1288
LAKE SHORE BLVD. AND WINDERMERE AVE.,229,2017,1344
LAKE SHORE BLVD. AND PARK LAWN RD. / MARINE PARADE DR.,230,2007,
LAKE SHORE BLVD. AND PARK LAWN RD. / MARINE PARADE DR.,230,2008,
LAKE SHORE BLVD. AND PARK LAWN RD. / MARINE PARADE DR.,230,2009,
LAKE SHORE BLVD. AND PARK LAWN RD. / MARINE PARADE DR.,230,2010,
LAKE SHORE BLVD. AND PARK LAWN RD. / MARINE PARADE DR.,230,2011,
LAKE SHORE BLVD. AND PARK LAWN RD. / MARINE PARADE DR.,230,2012,
LAKE SHORE BLVD. AND PARK LAWN RD. / MARINE PARADE DR.,230,2013,
LAKE SHORE BLVD. AND PARK LAWN RD. / MARINE PARADE DR.,230,2014,
LAKE SHORE BLVD. AND PARK LAWN RD. / MARINE PARADE DR.,230,2015,
LAKE SHORE BLVD. AND PARK LAWN RD. / MARINE PARADE DR.,230,2016,
LAKE SHORE BLVD. AND PARK LAWN RD. / MARINE PARADE DR.,230,2017,71
LAKE SHORE BLVD. AND THIRTY SEVENTH ST.,241,2007,0
LAKE SHORE BLVD. AND THIRTY SEVENTH ST.,241,2008,0
LAKE SHORE BLVD. AND THIRTY SEVENTH ST.,241,2009,625
LAKE SHORE BLVD. AND THIRTY SEVENTH ST.,241,2010,869
LAKE SHORE BLVD. AND THIRTY SEVENTH ST.,241,2011,480
LAKE SHORE BLVD. AND THIRTY SEVENTH ST.,241,2012,885
LAKE SHORE BLVD. AND THIRTY SEVENTH ST.,241,2013,668
LAKE SHORE BLVD. AND THIRTY SEVENTH ST.,241,2014,268
LAKE SHORE BLVD. AND THIRTY SEVENTH ST.,241,2015,1015
LAKE SHORE BLVD. AND THIRTY SEVENTH ST.,241,2016,709
LAKE SHORE BLVD. AND THIRTY SEVENTH ST.,241,2017,655
KING ST. AND PARLIAMENT ST.,245,2007,
KING ST. AND PARLIAMENT ST.,245,2008,
KING ST. AND PARLIAMENT ST.,245,2009,
KING ST. AND PARLIAMENT ST.,245,2010,
KING ST. AND PARLIAMENT ST.,245,2011,
KING ST. AND PARLIAMENT ST.,245,2012,
KING ST. AND PARLIAMENT ST.,245,2013,
KING ST. AND PARLIAMENT ST.,245,2014,
KING ST. AND PARLIAMENT ST.,245,2015,
KING ST. AND PARLIAMENT ST.,245,2016,
KING ST. AND PARLIAMENT ST.,245,2017,83
SIMCOE ST. AND WELLINGTON ST.,264,2007,
SIMCOE ST. AND WELLINGTON ST.,264,2008,
SIMCOE ST. AND WELLINGTON ST.,264,2009,
SIMCOE ST. AND WELLINGTON ST.,264,2010,
SIMCOE ST. AND WELLINGTON ST.,264,2011,
SIMCOE ST. AND WELLINGTON ST.,264,2012,
SIMCOE ST. AND WELLINGTON ST.,264,2013,
SIMCOE ST. AND WELLINGTON ST.,264,2014,
SIMCOE ST. AND WELLINGTON ST.,264,2015,
SIMCOE ST. AND WELLINGTON ST.,264,2016,
SIMCOE ST. AND WELLINGTON ST.,264,2017,15
SPADINA AVE. AND KING ST.,273,2007,
SPADINA AVE. AND KING ST.,273,2008,
SPADINA AVE. AND KING ST.,273,2009,
SPADINA AVE. AND KING ST.,273,2010,
SPADINA AVE. AND KING ST.,273,2011,
SPADINA AVE. AND KING ST.,273,2012,
SPADINA AVE. AND KING ST.,273,2013,
SPADINA AVE. AND KING ST.,273,2014,
SPADINA AVE. AND KING ST.,273,2015,
SPADINA AVE. AND KING ST.,273,2016,
SPADINA AVE. AND KING ST.,273,2017,363
SPADINA AVE. AND ADELAIDE ST.,274,2007,0
SPADINA AVE. AND ADELAIDE ST.,274,2008,0
SPADINA AVE. AND ADELAIDE ST.,274,2009,0
SPADINA AVE. AND ADELAIDE ST.,274,2010,38
SPADINA AVE. AND ADELAIDE ST.,274,2011,63
SPADINA AVE. AND ADELAIDE ST.,274,2012,5
SPADINA AVE. AND ADELAIDE ST.,274,2013,110
SPADINA AVE. AND ADELAIDE ST.,274,2014,134
SPADINA AVE. AND ADELAIDE ST.,274,2015,175
SPADINA AVE. AND ADELAIDE ST.,274,2016,206
SPADINA AVE. AND ADELAIDE ST.,274,2017,71
DUNDAS ST. AND RIVER ST.,293,2007,
DUNDAS ST. AND RIVER ST.,293,2008,
DUNDAS ST. AND RIVER ST.,293,2009,
DUNDAS ST. AND RIVER ST.,293,2010,
DUNDAS ST. AND RIVER ST.,293,2011,
DUNDAS ST. AND RIVER ST.,293,2012,
DUNDAS ST. AND RIVER ST.,293,2013,
DUNDAS ST. AND RIVER ST.,293,2014,
DUNDAS ST. AND RIVER ST.,293,2015,
DUNDAS ST. AND RIVER ST.,293,2016,
DUNDAS ST. AND RIVER ST.,293,2017,174
COLLEGE ST. AND BATHURST ST.,300,2007,0
COLLEGE ST. AND BATHURST ST.,300,2008,22
COLLEGE ST. AND BATHURST ST.,300,2009,109
COLLEGE ST. AND BATHURST ST.,300,2010,117
COLLEGE ST. AND BATHURST ST.,300,2011,43
COLLEGE ST. AND BATHURST ST.,300,2012,127
COLLEGE ST. AND BATHURST ST.,300,2013,71
COLLEGE ST. AND BATHURST ST.,300,2014,15
COLLEGE ST. AND BATHURST ST.,300,2015,108
COLLEGE ST. AND BATHURST ST.,300,2016,142
COLLEGE ST. AND BATHURST ST.,300,2017,34
EASTERN AVE. AND COXWELL AVE.,301,2007,0
EASTERN AVE. AND COXWELL AVE.,301,2008,0
EASTERN AVE. AND COXWELL AVE.,301,2009,47
EASTERN AVE. AND COXWELL AVE.,301,2010,181
EASTERN AVE. AND COXWELL AVE.,301,2011,129
EASTERN AVE. AND COXWELL AVE.,301,2012,164
EASTERN AVE. AND COXWELL AVE.,301,2013,178
EASTERN AVE. AND COXWELL AVE.,301,2014,189
EASTERN AVE. AND COXWELL AVE.,301,2015,138
EASTERN AVE. AND COXWELL AVE.,301,2016,151
EASTERN AVE. AND COXWELL AVE.,301,2017,86
BLOOR ST. AND OSSINGTON AVE.,341,2007,0
BLOOR ST. AND OSSINGTON AVE.,341,2008,0
BLOOR ST. AND OSSINGTON AVE.,341,2009,0
BLOOR ST. AND OSSINGTON AVE.,341,2010,0
BLOOR ST. AND OSSINGTON AVE.,341,2011,21
BLOOR ST. AND OSSINGTON AVE.,341,2012,141
BLOOR ST. AND OSSINGTON AVE.,341,2013,107
BLOOR ST. AND OSSINGTON AVE.,341,2014,46
BLOOR ST. AND OSSINGTON AVE.,341,2015,275
BLOOR ST. AND OSSINGTON AVE.,341,2016,257
BLOOR ST. AND OSSINGTON AVE.,341,2017,88
DANFORTH AVE. AND GREENWOOD AVE.,348,2007,0
DANFORTH AVE. AND GREENWOOD AVE.,348,2008,0
DANFORTH AVE. AND GREENWOOD AVE.,348,2009,0
DANFORTH AVE. AND GREENWOOD AVE.,348,2010,557
DANFORTH AVE. AND GREENWOOD AVE.,348,2011,205
DANFORTH AVE. AND GREENWOOD AVE.,348,2012,299
DANFORTH AVE. AND GREENWOOD AVE.,348,2013,468
DANFORTH AVE. AND GREENWOOD AVE.,348,2014,631
DANFORTH AVE. AND GREENWOOD AVE.,348,2015,544
DANFORTH AVE. AND GREENWOOD AVE.,348,2016,613
DANFORTH AVE. AND GREENWOOD AVE.,348,2017,3586
DANFORTH AVE. AND BIRCHMOUNT RD.,359,2007,0
DANFORTH AVE. AND BIRCHMOUNT RD.,359,2008,309
DANFORTH AVE. AND BIRCHMOUNT RD.,359,2009,220
DANFORTH AVE. AND BIRCHMOUNT RD.,359,2010,328
DANFORTH AVE. AND BIRCHMOUNT RD.,359,2011,269
DANFORTH AVE. AND BIRCHMOUNT RD.,359,2012,286
DANFORTH AVE. AND BIRCHMOUNT RD.,359,2013,287
DANFORTH AVE. AND BIRCHMOUNT RD.,359,2014,125
DANFORTH AVE. AND BIRCHMOUNT RD.,359,2015,200
DANFORTH AVE. AND BIRCHMOUNT RD.,359,2016,332
DANFORTH AVE. AND BIRCHMOUNT RD.,359,2017,145
DANFORTH RD. AND BRIMLEY RD.,378,2007,
DANFORTH RD. AND BRIMLEY RD.,378,2008,
DANFORTH RD. AND BRIMLEY RD.,378,2009,
DANFORTH RD. AND BRIMLEY RD.,378,2010,
DANFORTH RD. AND BRIMLEY RD.,378,2011,
DANFORTH RD. AND BRIMLEY RD.,378,2012,
DANFORTH RD. AND BRIMLEY RD.,378,2013,
DANFORTH RD. AND BRIMLEY RD.,378,2014,
DANFORTH RD. AND BRIMLEY RD.,378,2015,
DANFORTH RD. AND BRIMLEY RD.,378,2016,
DANFORTH RD. AND BRIMLEY RD.,378,2017,1668
EGLINTON AVE. AND DANFORTH RD.,379,2007,
EGLINTON AVE. AND DANFORTH RD.,379,2008,
EGLINTON AVE. AND DANFORTH RD.,379,2009,
EGLINTON AVE. AND DANFORTH RD.,379,2010,
EGLINTON AVE. AND DANFORTH RD.,379,2011,
EGLINTON AVE. AND DANFORTH RD.,379,2012,
EGLINTON AVE. AND DANFORTH RD.,379,2013,
EGLINTON AVE. AND DANFORTH RD.,379,2014,
EGLINTON AVE. AND DANFORTH RD.,379,2015,
EGLINTON AVE. AND DANFORTH RD.,379,2016,
EGLINTON AVE. AND DANFORTH RD.,379,2017,2222
BATHURST ST. AND DAVENPORT RD.,384,2007,0
BATHURST ST. AND DAVENPORT RD.,384,2008,0
BATHURST ST. AND DAVENPORT RD.,384,2009,22
BATHURST ST. AND DAVENPORT RD.,384,2010,0
BATHURST ST. AND DAVENPORT RD.,384,2011,47
BATHURST ST. AND DAVENPORT RD.,384,2012,0
BATHURST ST. AND DAVENPORT RD.,384,2013,0
BATHURST ST. AND DAVENPORT RD.,384,2014,286
BATHURST ST. AND DAVENPORT RD.,384,2015,589
BATHURST ST. AND DAVENPORT RD.,384,2016,2662
BATHURST ST. AND DAVENPORT RD.,384,2017,2430
KEELE ST. AND ROGERS RD.,394,2007,0
KEELE ST. AND ROGERS RD.,394,2008,0
KEELE ST. AND ROGERS RD.,394,2009,102
KEELE ST. AND ROGERS RD.,394,2010,262
KEELE ST. AND ROGERS RD.,394,2011,153
KEELE ST. AND ROGERS RD.,394,2012,203
KEELE ST. AND ROGERS RD.,394,2013,151
KEELE ST. AND ROGERS RD.,394,2014,213
KEELE ST. AND ROGERS RD.,394,2015,212
KEELE ST. AND ROGERS RD.,394,2016,242
KEELE ST. AND ROGERS RD.,394,2017,87
LESLIE ST. AND LAWRENCE AVE.,400,2007,0
LESLIE ST. AND LAWRENCE AVE.,400,2008,139
LESLIE ST. AND LAWRENCE AVE.,400,2009,132
LESLIE ST. AND LAWRENCE AVE.,400,2010,225
LESLIE ST. AND LAWRENCE AVE.,400,2011,165
LESLIE ST. AND LAWRENCE AVE.,400,2012,227
LESLIE ST. AND LAWRENCE AVE.,400,2013,176
LESLIE ST. AND LAWRENCE AVE.,400,2014,121
LESLIE ST. AND LAWRENCE AVE.,400,2015,95
LESLIE ST. AND LAWRENCE AVE.,400,2016,126
LESLIE ST. AND LAWRENCE AVE.,400,2017,18
LAWRENCE AVE. AND DON MILLS RD.,402,2007,0
LAWRENCE AVE. AND DON MILLS RD.,402,2008,0
LAWRENCE AVE. AND DON MILLS RD.,402,2009,30
LAWRENCE AVE. AND DON MILLS RD.,402,2010,86
LAWRENCE AVE. AND DON MILLS RD.,402,2011,68
LAWRENCE AVE. AND DON MILLS RD.,402,2012,63
LAWRENCE AVE. AND DON MILLS RD.,402,2013,90
LAWRENCE AVE. AND DON MILLS RD.,402,2014,85
LAWRENCE AVE. AND DON MILLS RD.,402,2015,86
LAWRENCE AVE. AND DON MILLS RD.,402,2016,112
LAWRENCE AVE. AND DON MILLS RD.,402,2017,11
LAWRENCE AVE. AND KENNEDY RD.,412,2007,
LAWRENCE AVE. AND KENNEDY RD.,412,2008,
LAWRENCE AVE. AND KENNEDY RD.,412,2009,
LAWRENCE AVE. AND KENNEDY RD.,412,2010,
LAWRENCE AVE. AND KENNEDY RD.,412,2011,
LAWRENCE AVE. AND KENNEDY RD.,412,2012,
LAWRENCE AVE. AND KENNEDY RD.,412,2013,
LAWRENCE AVE. AND KENNEDY RD.,412,2014,
LAWRENCE AVE. AND KENNEDY RD.,412,2015,
LAWRENCE AVE. AND KENNEDY RD.,412,2016,
LAWRENCE AVE. AND KENNEDY RD.,412,2017,100
LAWRENCE AVE. AND BELLAMY RD.,416,2007,0
LAWRENCE AVE. AND BELLAMY RD.,416,2008,1
LAWRENCE AVE. AND BELLAMY RD.,416,2009,123
LAWRENCE AVE. AND BELLAMY RD.,416,2010,291
LAWRENCE AVE. AND BELLAMY RD.,416,2011,228
LAWRENCE AVE. AND BELLAMY RD.,416,2012,302
LAWRENCE AVE. AND BELLAMY RD.,416,2013,196
LAWRENCE AVE. AND BELLAMY RD.,416,2014,48
LAWRENCE AVE. AND BELLAMY RD.,416,2015,494
LAWRENCE AVE. AND BELLAMY RD.,416,2016,502
LAWRENCE AVE. AND BELLAMY RD.,416,2017,283
DANFORTH RD. AND BIRCHMOUNT RD.,417,2007,0
DANFORTH RD. AND BIRCHMOUNT RD.,417,2008,0
DANFORTH RD. AND BIRCHMOUNT RD.,417,2009,7
DANFORTH RD. AND BIRCHMOUNT RD.,417,2010,71
DANFORTH RD. AND BIRCHMOUNT RD.,417,2011,58
DANFORTH RD. AND BIRCHMOUNT RD.,417,2012,70
DANFORTH RD. AND BIRCHMOUNT RD.,417,2013,55
DANFORTH RD. AND BIRCHMOUNT RD.,417,2014,74
DANFORTH RD. AND BIRCHMOUNT RD.,417,2015,75
DANFORTH RD. AND BIRCHMOUNT RD.,417,2016,60
DANFORTH RD. AND BIRCHMOUNT RD.,417,2017,4
LAWRENCE AVE. AND GREENCEDAR CRCT. / GREENBRAE CRCT.,419,2007,
LAWRENCE AVE. AND GREENCEDAR CRCT. / GREENBRAE CRCT.,419,2008,
LAWRENCE AVE. AND GREENCEDAR CRCT. / GREENBRAE CRCT.,419,2009,
LAWRENCE AVE. AND GREENCEDAR CRCT. / GREENBRAE CRCT.,419,2010,
LAWRENCE AVE. AND GREENCEDAR CRCT. / GREENBRAE CRCT.,419,2011,
LAWRENCE AVE. AND GREENCEDAR CRCT. / GREENBRAE CRCT.,419,2012,
LAWRENCE AVE. AND GREENCEDAR CRCT. / GREENBRAE CRCT.,419,2013,
LAWRENCE AVE. AND GREENCEDAR CRCT. / GREENBRAE CRCT.,419,2014,
LAWRENCE AVE. AND GREENCEDAR CRCT. / GREENBRAE CRCT.,419,2015,
LAWRENCE AVE. AND GREENCEDAR CRCT. / GREENBRAE CRCT.,419,2016,
LAWRENCE AVE. AND GREENCEDAR CRCT. / GREENBRAE CRCT.,419,2017,506
LAWRENCE AVE. AND MARKHAM RD.,420,2007,
LAWRENCE AVE. AND MARKHAM RD.,420,2008,
LAWRENCE AVE. AND MARKHAM RD.,420,2009,
LAWRENCE AVE. AND MARKHAM RD.,420,2010,
LAWRENCE AVE. AND MARKHAM RD.,420,2011,
LAWRENCE AVE. AND MARKHAM RD.,420,2012,
LAWRENCE AVE. AND MARKHAM RD.,420,2013,
LAWRENCE AVE. AND MARKHAM RD.,420,2014,
LAWRENCE AVE. AND MARKHAM RD.,420,2015,
LAWRENCE AVE. AND MARKHAM RD.,420,2016,
LAWRENCE AVE. AND MARKHAM RD.,420,2017,106
LAWRENCE AVE. AND BATHURST ST.,423,2007,0
LAWRENCE AVE. AND BATHURST ST.,423,2008,54
LAWRENCE AVE. AND BATHURST ST.,423,2009,161
LAWRENCE AVE. AND BATHURST ST.,423,2010,74
LAWRENCE AVE. AND BATHURST ST.,423,2011,90
LAWRENCE AVE. AND BATHURST ST.,423,2012,207
LAWRENCE AVE. AND BATHURST ST.,423,2013,151
LAWRENCE AVE. AND BATHURST ST.,423,2014,174
LAWRENCE AVE. AND BATHURST ST.,423,2015,188
LAWRENCE AVE. AND BATHURST ST.,423,2016,168
LAWRENCE AVE. AND BATHURST ST.,423,2017,24
LAWRENCE AVE. AND MARLEE AVE.,425,2007,0
LAWRENCE AVE. AND MARLEE AVE.,425,2008,436
LAWRENCE AVE. AND MARLEE AVE.,425,2009,494
LAWRENCE AVE. AND MARLEE AVE.,425,2010,454
LAWRENCE AVE. AND MARLEE AVE.,425,2011,288
LAWRENCE AVE. AND MARLEE AVE.,425,2012,228
LAWRENCE AVE. AND MARLEE AVE.,425,2013,353
LAWRENCE AVE. AND MARLEE AVE.,425,2014,275
LAWRENCE AVE. AND MARLEE AVE.,425,2015,217
LAWRENCE AVE. AND MARLEE AVE.,425,2016,193
LAWRENCE AVE. AND MARLEE AVE.,425,2017,213
KEELE ST. AND LAWRENCE AVE.,428,2007,0
KEELE ST. AND LAWRENCE AVE.,428,2008,0
KEELE ST. AND LAWRENCE AVE.,428,2009,180
KEELE ST. AND LAWRENCE AVE.,428,2010,188
KEELE ST. AND LAWRENCE AVE.,428,2011,138
KEELE ST. AND LAWRENCE AVE.,428,2012,167
KEELE ST. AND LAWRENCE AVE.,428,2013,135
KEELE ST. AND LAWRENCE AVE.,428,2014,152
KEELE ST. AND LAWRENCE AVE.,428,2015,141
KEELE ST. AND LAWRENCE AVE.,428,2016,128
KEELE ST. AND LAWRENCE AVE.,428,2017,18
KEELE ST. AND LAWRENCE AVE.,428,2007,
KEELE ST. AND LAWRENCE AVE.,428,2008,
KEELE ST. AND LAWRENCE AVE.,428,2009,
KEELE ST. AND LAWRENCE AVE.,428,2010,
KEELE ST. AND LAWRENCE AVE.,428,2011,
KEELE ST. AND LAWRENCE AVE.,428,2012,
KEELE ST. AND LAWRENCE AVE.,428,2013,
KEELE ST. AND LAWRENCE AVE.,428,2014,
KEELE ST. AND LAWRENCE AVE.,428,2015,
KEELE ST. AND LAWRENCE AVE.,428,2016,
KEELE ST. AND LAWRENCE AVE.,428,2017,165
WESTON RD. AND LAWRENCE AVE.,431,2007,
WESTON RD. AND LAWRENCE AVE.,431,2008,
WESTON RD. AND LAWRENCE AVE.,431,2009,
WESTON RD. AND LAWRENCE AVE.,431,2010,
WESTON RD. AND LAWRENCE AVE.,431,2011,
WESTON RD. AND LAWRENCE AVE.,431,2012,
WESTON RD. AND LAWRENCE AVE.,431,2013,
WESTON RD. AND LAWRENCE AVE.,431,2014,
WESTON RD. AND LAWRENCE AVE.,431,2015,
WESTON RD. AND LAWRENCE AVE.,431,2016,
WESTON RD. AND LAWRENCE AVE.,431,2017,52
DIXON RD. AND KIPLING AVE.,435,2007,0
DIXON RD. AND KIPLING AVE.,435,2008,160
DIXON RD. AND KIPLING AVE.,435,2009,86
DIXON RD. AND KIPLING AVE.,435,2010,75
DIXON RD. AND KIPLING AVE.,435,2011,96
DIXON RD. AND KIPLING AVE.,435,2012,136
DIXON RD. AND KIPLING AVE.,435,2013,106
DIXON RD. AND KIPLING AVE.,435,2014,86
DIXON RD. AND KIPLING AVE.,435,2015,56
DIXON RD. AND KIPLING AVE.,435,2016,123
DIXON RD. AND KIPLING AVE.,435,2017,27
DIXON RD. AND MARTIN GROVE RD.,437,2007,
DIXON RD. AND MARTIN GROVE RD.,437,2008,
DIXON RD. AND MARTIN GROVE RD.,437,2009,
DIXON RD. AND MARTIN GROVE RD.,437,2010,
DIXON RD. AND MARTIN GROVE RD.,437,2011,
DIXON RD. AND MARTIN GROVE RD.,437,2012,
DIXON RD. AND MARTIN GROVE RD.,437,2013,
DIXON RD. AND MARTIN GROVE RD.,437,2014,
DIXON RD. AND MARTIN GROVE RD.,437,2015,
DIXON RD. AND MARTIN GROVE RD.,437,2016,
DIXON RD. AND MARTIN GROVE RD.,437,2017,150
O CONNOR DR. AND BERMONDSEY RD. / YARDLEY AVE.,448,2007,0
O CONNOR DR. AND BERMONDSEY RD. / YARDLEY AVE.,448,2008,150
O CONNOR DR. AND BERMONDSEY RD. / YARDLEY AVE.,448,2009,320
O CONNOR DR. AND BERMONDSEY RD. / YARDLEY AVE.,448,2010,348
O CONNOR DR. AND BERMONDSEY RD. / YARDLEY AVE.,448,2011,190
O CONNOR DR. AND BERMONDSEY RD. / YARDLEY AVE.,448,2012,387
O CONNOR DR. AND BERMONDSEY RD. / YARDLEY AVE.,448,2013,251
O CONNOR DR. AND BERMONDSEY RD. / YARDLEY AVE.,448,2014,285
O CONNOR DR. AND BERMONDSEY RD. / YARDLEY AVE.,448,2015,345
O CONNOR DR. AND BERMONDSEY RD. / YARDLEY AVE.,448,2016,358
O CONNOR DR. AND BERMONDSEY RD. / YARDLEY AVE.,448,2017,142
EGLINTON AVE. AND VICTORIA PARK AVE.,449,2007,0
EGLINTON AVE. AND VICTORIA PARK AVE.,449,2008,4
EGLINTON AVE. AND VICTORIA PARK AVE.,449,2009,221
EGLINTON AVE. AND VICTORIA PARK AVE.,449,2010,474
EGLINTON AVE. AND VICTORIA PARK AVE.,449,2011,327
EGLINTON AVE. AND VICTORIA PARK AVE.,449,2012,447
EGLINTON AVE. AND VICTORIA PARK AVE.,449,2013,431
EGLINTON AVE. AND VICTORIA PARK AVE.,449,2014,402
EGLINTON AVE. AND VICTORIA PARK AVE.,449,2015,322
EGLINTON AVE. AND VICTORIA PARK AVE.,449,2016,375
EGLINTON AVE. AND VICTORIA PARK AVE.,449,2017,283
EGLINTON AVE. AND BERMONDSEY RD. / SLOANE AVE.,455,2007,0
EGLINTON AVE. AND BERMONDSEY RD. / SLOANE AVE.,455,2008,835
EGLINTON AVE. AND BERMONDSEY RD. / SLOANE AVE.,455,2009,677
EGLINTON AVE. AND BERMONDSEY RD. / SLOANE AVE.,455,2010,889
EGLINTON AVE. AND BERMONDSEY RD. / SLOANE AVE.,455,2011,522
EGLINTON AVE. AND BERMONDSEY RD. / SLOANE AVE.,455,2012,535
EGLINTON AVE. AND BERMONDSEY RD. / SLOANE AVE.,455,2013,647
EGLINTON AVE. AND BERMONDSEY RD. / SLOANE AVE.,455,2014,705
EGLINTON AVE. AND BERMONDSEY RD. / SLOANE AVE.,455,2015,604
EGLINTON AVE. AND BERMONDSEY RD. / SLOANE AVE.,455,2016,609
EGLINTON AVE. AND BERMONDSEY RD. / SLOANE AVE.,455,2017,317
EGLINTON AVE. AND BIRCHMOUNT RD.,458,2007,0
EGLINTON AVE. AND BIRCHMOUNT RD.,458,2008,2
EGLINTON AVE. AND BIRCHMOUNT RD.,458,2009,56
EGLINTON AVE. AND BIRCHMOUNT RD.,458,2010,197
EGLINTON AVE. AND BIRCHMOUNT RD.,458,2011,181
EGLINTON AVE. AND BIRCHMOUNT RD.,458,2012,234
EGLINTON AVE. AND BIRCHMOUNT RD.,458,2013,271
EGLINTON AVE. AND BIRCHMOUNT RD.,458,2014,219
EGLINTON AVE. AND BIRCHMOUNT RD.,458,2015,225
EGLINTON AVE. AND BIRCHMOUNT RD.,458,2016,249
EGLINTON AVE. AND BIRCHMOUNT RD.,458,2017,121
ST. CLAIR AVE. AND SPADINA RD.,479,2007,
ST. CLAIR AVE. AND SPADINA RD.,479,2008,
ST. CLAIR AVE. AND SPADINA RD.,479,2009,
ST. CLAIR AVE. AND SPADINA RD.,479,2010,
ST. CLAIR AVE. AND SPADINA RD.,479,2011,
ST. CLAIR AVE. AND SPADINA RD.,479,2012,
ST. CLAIR AVE. AND SPADINA RD.,479,2013,
ST. CLAIR AVE. AND SPADINA RD.,479,2014,
ST. CLAIR AVE. AND SPADINA RD.,479,2015,
ST. CLAIR AVE. AND SPADINA RD.,479,2016,
ST. CLAIR AVE. AND SPADINA RD.,479,2017,209
ST. CLAIR AVE. AND RUNNYMEDE RD.,494,2007,
ST. CLAIR AVE. AND RUNNYMEDE RD.,494,2008,
ST. CLAIR AVE. AND RUNNYMEDE RD.,494,2009,
ST. CLAIR AVE. AND RUNNYMEDE RD.,494,2010,
ST. CLAIR AVE. AND RUNNYMEDE RD.,494,2011,
ST. CLAIR AVE. AND RUNNYMEDE RD.,494,2012,
ST. CLAIR AVE. AND RUNNYMEDE RD.,494,2013,
ST. CLAIR AVE. AND RUNNYMEDE RD.,494,2014,
ST. CLAIR AVE. AND RUNNYMEDE RD.,494,2015,
ST. CLAIR AVE. AND RUNNYMEDE RD.,494,2016,
ST. CLAIR AVE. AND RUNNYMEDE RD.,494,2017,156
JANE ST. AND CLAIR RD. / SPENVALLEY DR.,495,2007,0
JANE ST. AND CLAIR RD. / SPENVALLEY DR.,495,2008,472
JANE ST. AND CLAIR RD. / SPENVALLEY DR.,495,2009,1883
JANE ST. AND CLAIR RD. / SPENVALLEY DR.,495,2010,1353
JANE ST. AND CLAIR RD. / SPENVALLEY DR.,495,2011,1308
JANE ST. AND CLAIR RD. / SPENVALLEY DR.,495,2012,927
JANE ST. AND CLAIR RD. / SPENVALLEY DR.,495,2013,1082
JANE ST. AND CLAIR RD. / SPENVALLEY DR.,495,2014,77
JANE ST. AND CLAIR RD. / SPENVALLEY DR.,495,2015,345
JANE ST. AND CLAIR RD. / SPENVALLEY DR.,495,2016,1300
JANE ST. AND CLAIR RD. / SPENVALLEY DR.,495,2017,958
ST. CLAIR AVE. AND BRIMLEY RD.,497,2007,0
ST. CLAIR AVE. AND BRIMLEY RD.,497,2008,0
ST. CLAIR AVE. AND BRIMLEY RD.,497,2009,113
ST. CLAIR AVE. AND BRIMLEY RD.,497,2010,293
ST. CLAIR AVE. AND BRIMLEY RD.,497,2011,183
ST. CLAIR AVE. AND BRIMLEY RD.,497,2012,288
ST. CLAIR AVE. AND BRIMLEY RD.,497,2013,287
ST. CLAIR AVE. AND BRIMLEY RD.,497,2014,249
ST. CLAIR AVE. AND BRIMLEY RD.,497,2015,331
ST. CLAIR AVE. AND BRIMLEY RD.,497,2016,306
ST. CLAIR AVE. AND BRIMLEY RD.,497,2017,159
LAWRENCE AVE. AND MORNINGSIDE AVE.,499,2007,0
LAWRENCE AVE. AND MORNINGSIDE AVE.,499,2008,11
LAWRENCE AVE. AND MORNINGSIDE AVE.,499,2009,44
LAWRENCE AVE. AND MORNINGSIDE AVE.,499,2010,86
LAWRENCE AVE. AND MORNINGSIDE AVE.,499,2011,88
LAWRENCE AVE. AND MORNINGSIDE AVE.,499,2012,119
LAWRENCE AVE. AND MORNINGSIDE AVE.,499,2013,127
LAWRENCE AVE. AND MORNINGSIDE AVE.,499,2014,126
LAWRENCE AVE. AND MORNINGSIDE AVE.,499,2015,141
LAWRENCE AVE. AND MORNINGSIDE AVE.,499,2016,143
LAWRENCE AVE. AND MORNINGSIDE AVE.,499,2017,26
JANE ST. AND FALSTAFF AVE.,531,2007,
JANE ST. AND FALSTAFF AVE.,531,2008,
JANE ST. AND FALSTAFF AVE.,531,2009,
JANE ST. AND FALSTAFF AVE.,531,2010,
JANE ST. AND FALSTAFF AVE.,531,2011,
JANE ST. AND FALSTAFF AVE.,531,2012,
JANE ST. AND FALSTAFF AVE.,531,2013,
JANE ST. AND FALSTAFF AVE.,531,2014,
JANE ST. AND FALSTAFF AVE.,531,2015,
JANE ST. AND FALSTAFF AVE.,531,2016,
JANE ST. AND FALSTAFF AVE.,531,2017,111
WILSON AVE. AND JANE ST.,532,2007,
WILSON AVE. AND JANE ST.,532,2008,
WILSON AVE. AND JANE ST.,532,2009,
WILSON AVE. AND JANE ST.,532,2010,
WILSON AVE. AND JANE ST.,532,2011,
WILSON AVE. AND JANE ST.,532,2012,
WILSON AVE. AND JANE ST.,532,2013,
WILSON AVE. AND JANE ST.,532,2014,
WILSON AVE. AND JANE ST.,532,2015,
WILSON AVE. AND JANE ST.,532,2016,
WILSON AVE. AND JANE ST.,532,2017,254
DIXON RD. AND CARLINGVIEW DR.,536,2007,0
DIXON RD. AND CARLINGVIEW DR.,536,2008,0
DIXON RD. AND CARLINGVIEW DR.,536,2009,79
DIXON RD. AND CARLINGVIEW DR.,536,2010,482
DIXON RD. AND CARLINGVIEW DR.,536,2011,332
DIXON RD. AND CARLINGVIEW DR.,536,2012,551
DIXON RD. AND CARLINGVIEW DR.,536,2013,435
DIXON RD. AND CARLINGVIEW DR.,536,2014,260
DIXON RD. AND CARLINGVIEW DR.,536,2015,339
DIXON RD. AND CARLINGVIEW DR.,536,2016,358
DIXON RD. AND CARLINGVIEW DR.,536,2017,425
QUEEN ST. AND WOODBINE AVE.,548,2007,0
QUEEN ST. AND WOODBINE AVE.,548,2008,0
QUEEN ST. AND WOODBINE AVE.,548,2009,25
QUEEN ST. AND WOODBINE AVE.,548,2010,28
QUEEN ST. AND WOODBINE AVE.,548,2011,8
QUEEN ST. AND WOODBINE AVE.,548,2012,16
QUEEN ST. AND WOODBINE AVE.,548,2013,13
QUEEN ST. AND WOODBINE AVE.,548,2014,35
QUEEN ST. AND WOODBINE AVE.,548,2015,23
QUEEN ST. AND WOODBINE AVE.,548,2016,175
QUEEN ST. AND WOODBINE AVE.,548,2017,40
THE QUEENSWAY AND ROYAL YORK RD.,565,2007,
THE QUEENSWAY AND ROYAL YORK RD.,565,2008,
THE QUEENSWAY AND ROYAL YORK RD.,565,2009,
THE QUEENSWAY AND ROYAL YORK RD.,565,2010,
THE QUEENSWAY AND ROYAL YORK RD.,565,2011,
THE QUEENSWAY AND ROYAL YORK RD.,565,2012,
THE QUEENSWAY AND ROYAL YORK RD.,565,2013,
THE QUEENSWAY AND ROYAL YORK RD.,565,2014,
THE QUEENSWAY AND ROYAL YORK RD.,565,2015,
THE QUEENSWAY AND ROYAL YORK RD.,565,2016,
THE QUEENSWAY AND ROYAL YORK RD.,565,2017,49
ISLINGTON AVE. AND THE QUEENSWAY,567,2007,
ISLINGTON AVE. AND THE QUEENSWAY,567,2008,
ISLINGTON AVE. AND THE QUEENSWAY,567,2009,
ISLINGTON AVE. AND THE QUEENSWAY,567,2010,
ISLINGTON AVE. AND THE QUEENSWAY,567,2011,
ISLINGTON AVE. AND THE QUEENSWAY,567,2012,
ISLINGTON AVE. AND THE QUEENSWAY,567,2013,
ISLINGTON AVE. AND THE QUEENSWAY,567,2014,
ISLINGTON AVE. AND THE QUEENSWAY,567,2015,
ISLINGTON AVE. AND THE QUEENSWAY,567,2016,
ISLINGTON AVE. AND THE QUEENSWAY,567,2017,0
KEELE ST. AND WILSON AVE.,597,2007,0
KEELE ST. AND WILSON AVE.,597,2008,49
KEELE ST. AND WILSON AVE.,597,2009,66
KEELE ST. AND WILSON AVE.,597,2010,80
KEELE ST. AND WILSON AVE.,597,2011,57
KEELE ST. AND WILSON AVE.,597,2012,89
KEELE ST. AND WILSON AVE.,597,2013,93
KEELE ST. AND WILSON AVE.,597,2014,77
KEELE ST. AND WILSON AVE.,597,2015,58
KEELE ST. AND WILSON AVE.,597,2016,79
KEELE ST. AND WILSON AVE.,597,2017,18
KEELE ST. AND WILSON AVE.,597,2007,
KEELE ST. AND WILSON AVE.,597,2008,
KEELE ST. AND WILSON AVE.,597,2009,
KEELE ST. AND WILSON AVE.,597,2010,
KEELE ST. AND WILSON AVE.,597,2011,
KEELE ST. AND WILSON AVE.,597,2012,
KEELE ST. AND WILSON AVE.,597,2013,
KEELE ST. AND WILSON AVE.,597,2014,
KEELE ST. AND WILSON AVE.,597,2015,
KEELE ST. AND WILSON AVE.,597,2016,
KEELE ST. AND WILSON AVE.,597,2017,172
SHEPPARD AVE. AND KEELE ST.,600,2007,0
SHEPPARD AVE. AND KEELE ST.,600,2008,0
SHEPPARD AVE. AND KEELE ST.,600,2009,50
SHEPPARD AVE. AND KEELE ST.,600,2010,63
SHEPPARD AVE. AND KEELE ST.,600,2011,82
SHEPPARD AVE. AND KEELE ST.,600,2012,111
SHEPPARD AVE. AND KEELE ST.,600,2013,126
SHEPPARD AVE. AND KEELE ST.,600,2014,85
SHEPPARD AVE. AND KEELE ST.,600,2015,97
SHEPPARD AVE. AND KEELE ST.,600,2016,99
SHEPPARD AVE. AND KEELE ST.,600,2017,18
STEELES AVE. AND KEELE ST.,602,2007,
STEELES AVE. AND KEELE ST.,602,2008,
STEELES AVE. AND KEELE ST.,602,2009,
STEELES AVE. AND KEELE ST.,602,2010,
STEELES AVE. AND KEELE ST.,602,2011,
STEELES AVE. AND KEELE ST.,602,2012,
STEELES AVE. AND KEELE ST.,602,2013,
STEELES AVE. AND KEELE ST.,602,2014,
STEELES AVE. AND KEELE ST.,602,2015,
STEELES AVE. AND KEELE ST.,602,2016,
STEELES AVE. AND KEELE ST.,602,2017,255
DUFFERIN ST. AND GLENCAIRN AVE.,613,2007,0
DUFFERIN ST. AND GLENCAIRN AVE.,613,2008,0
DUFFERIN ST. AND GLENCAIRN AVE.,613,2009,457
DUFFERIN ST. AND GLENCAIRN AVE.,613,2010,933
DUFFERIN ST. AND GLENCAIRN AVE.,613,2011,527
DUFFERIN ST. AND GLENCAIRN AVE.,613,2012,998
DUFFERIN ST. AND GLENCAIRN AVE.,613,2013,785
DUFFERIN ST. AND GLENCAIRN AVE.,613,2014,948
DUFFERIN ST. AND GLENCAIRN AVE.,613,2015,606
DUFFERIN ST. AND GLENCAIRN AVE.,613,2016,619
DUFFERIN ST. AND GLENCAIRN AVE.,613,2017,544
DUFFERIN ST. AND FINCH AVE.,618,2007,
DUFFERIN ST. AND FINCH AVE.,618,2008,
DUFFERIN ST. AND FINCH AVE.,618,2009,
DUFFERIN ST. AND FINCH AVE.,618,2010,
DUFFERIN ST. AND FINCH AVE.,618,2011,
DUFFERIN ST. AND FINCH AVE.,618,2012,
DUFFERIN ST. AND FINCH AVE.,618,2013,
DUFFERIN ST. AND FINCH AVE.,618,2014,
DUFFERIN ST. AND FINCH AVE.,618,2015,
DUFFERIN ST. AND FINCH AVE.,618,2016,
DUFFERIN ST. AND FINCH AVE.,618,2017,457
DON MILLS RD. AND VAN HORNE AVE.,628,2007,
DON MILLS RD. AND VAN HORNE AVE.,628,2008,
DON MILLS RD. AND VAN HORNE AVE.,628,2009,
DON MILLS RD. AND VAN HORNE AVE.,628,2010,
DON MILLS RD. AND VAN HORNE AVE.,628,2011,
DON MILLS RD. AND VAN HORNE AVE.,628,2012,
DON MILLS RD. AND VAN HORNE AVE.,628,2013,
DON MILLS RD. AND VAN HORNE AVE.,628,2014,
DON MILLS RD. AND VAN HORNE AVE.,628,2015,
DON MILLS RD. AND VAN HORNE AVE.,628,2016,
DON MILLS RD. AND VAN HORNE AVE.,628,2017,540
SHEPPARD AVE. AND WILSON HEIGHTS BLVD.,631,2007,0
SHEPPARD AVE. AND WILSON HEIGHTS BLVD.,631,2008,0
SHEPPARD AVE. AND WILSON HEIGHTS BLVD.,631,2009,140
SHEPPARD AVE. AND WILSON HEIGHTS BLVD.,631,2010,189
SHEPPARD AVE. AND WILSON HEIGHTS BLVD.,631,2011,169
SHEPPARD AVE. AND WILSON HEIGHTS BLVD.,631,2012,165
SHEPPARD AVE. AND WILSON HEIGHTS BLVD.,631,2013,159
SHEPPARD AVE. AND WILSON HEIGHTS BLVD.,631,2014,98
SHEPPARD AVE. AND WILSON HEIGHTS BLVD.,631,2015,160
SHEPPARD AVE. AND WILSON HEIGHTS BLVD.,631,2016,155
SHEPPARD AVE. AND WILSON HEIGHTS BLVD.,631,2017,34
SHEPPARD AVE. AND BAYVIEW AVE.,648,2007,
SHEPPARD AVE. AND BAYVIEW AVE.,648,2008,
SHEPPARD AVE. AND BAYVIEW AVE.,648,2009,
SHEPPARD AVE. AND BAYVIEW AVE.,648,2010,
SHEPPARD AVE. AND BAYVIEW AVE.,648,2011,
SHEPPARD AVE. AND BAYVIEW AVE.,648,2012,
SHEPPARD AVE. AND BAYVIEW AVE.,648,2013,
SHEPPARD AVE. AND BAYVIEW AVE.,648,2014,
SHEPPARD AVE. AND BAYVIEW AVE.,648,2015,
SHEPPARD AVE. AND BAYVIEW AVE.,648,2016,
SHEPPARD AVE. AND BAYVIEW AVE.,648,2017,57
BAYVIEW AVE. AND CUMMER AVE.,651,2007,0
BAYVIEW AVE. AND CUMMER AVE.,651,2008,0
BAYVIEW AVE. AND CUMMER AVE.,651,2009,590
BAYVIEW AVE. AND CUMMER AVE.,651,2010,943
BAYVIEW AVE. AND CUMMER AVE.,651,2011,811
BAYVIEW AVE. AND CUMMER AVE.,651,2012,1227
BAYVIEW AVE. AND CUMMER AVE.,651,2013,1194
BAYVIEW AVE. AND CUMMER AVE.,651,2014,973
BAYVIEW AVE. AND CUMMER AVE.,651,2015,879
BAYVIEW AVE. AND CUMMER AVE.,651,2016,1054
BAYVIEW AVE. AND CUMMER AVE.,651,2017,1004
BATHURST ST. AND SHEPPARD AVE.,672,2007,5
BATHURST ST. AND SHEPPARD AVE.,672,2008,223
BATHURST ST. AND SHEPPARD AVE.,672,2009,165
BATHURST ST. AND SHEPPARD AVE.,672,2010,117
BATHURST ST. AND SHEPPARD AVE.,672,2011,188
BATHURST ST. AND SHEPPARD AVE.,672,2012,198
BATHURST ST. AND SHEPPARD AVE.,672,2013,144
BATHURST ST. AND SHEPPARD AVE.,672,2014,113
BATHURST ST. AND SHEPPARD AVE.,672,2015,132
BATHURST ST. AND SHEPPARD AVE.,672,2016,131
BATHURST ST. AND SHEPPARD AVE.,672,2017,23
OVERLEA BLVD. AND THORNCLIFFE PARK DR. / BETH NEALSON DR.,679,2007,0
OVERLEA BLVD. AND THORNCLIFFE PARK DR. / BETH NEALSON DR.,679,2008,59
OVERLEA BLVD. AND THORNCLIFFE PARK DR. / BETH NEALSON DR.,679,2009,234
OVERLEA BLVD. AND THORNCLIFFE PARK DR. / BETH NEALSON DR.,679,2010,253
OVERLEA BLVD. AND THORNCLIFFE PARK DR. / BETH NEALSON DR.,679,2011,228
OVERLEA BLVD. AND THORNCLIFFE PARK DR. / BETH NEALSON DR.,679,2012,232
OVERLEA BLVD. AND THORNCLIFFE PARK DR. / BETH NEALSON DR.,679,2013,211
OVERLEA BLVD. AND THORNCLIFFE PARK DR. / BETH NEALSON DR.,679,2014,184
OVERLEA BLVD. AND THORNCLIFFE PARK DR. / BETH NEALSON DR.,679,2015,243
OVERLEA BLVD. AND THORNCLIFFE PARK DR. / BETH NEALSON DR.,679,2016,235
OVERLEA BLVD. AND THORNCLIFFE PARK DR. / BETH NEALSON DR.,679,2017,122
WARDEN AVE. AND COMSTOCK RD.,690,2007,0
WARDEN AVE. AND COMSTOCK RD.,690,2008,104
WARDEN AVE. AND COMSTOCK RD.,690,2009,542
WARDEN AVE. AND COMSTOCK RD.,690,2010,494
WARDEN AVE. AND COMSTOCK RD.,690,2011,248
WARDEN AVE. AND COMSTOCK RD.,690,2012,274
WARDEN AVE. AND COMSTOCK RD.,690,2013,367
WARDEN AVE. AND COMSTOCK RD.,690,2014,338
WARDEN AVE. AND COMSTOCK RD.,690,2015,351
WARDEN AVE. AND COMSTOCK RD.,690,2016,539
WARDEN AVE. AND COMSTOCK RD.,690,2017,218
WARDEN AVE. AND COMSTOCK RD.,690,2007,
WARDEN AVE. AND COMSTOCK RD.,690,2008,
WARDEN AVE. AND COMSTOCK RD.,690,2009,
WARDEN AVE. AND COMSTOCK RD.,690,2010,
WARDEN AVE. AND COMSTOCK RD.,690,2011,
WARDEN AVE. AND COMSTOCK RD.,690,2012,
WARDEN AVE. AND COMSTOCK RD.,690,2013,
WARDEN AVE. AND COMSTOCK RD.,690,2014,
WARDEN AVE. AND COMSTOCK RD.,690,2015,
WARDEN AVE. AND COMSTOCK RD.,690,2016,
WARDEN AVE. AND COMSTOCK RD.,690,2017,463
MIDLAND AVE. AND PROGRESS AVE.,691,2007,0
MIDLAND AVE. AND PROGRESS AVE.,691,2008,0
MIDLAND AVE. AND PROGRESS AVE.,691,2009,43
MIDLAND AVE. AND PROGRESS AVE.,691,2010,129
MIDLAND AVE. AND PROGRESS AVE.,691,2011,98
MIDLAND AVE. AND PROGRESS AVE.,691,2012,119
MIDLAND AVE. AND PROGRESS AVE.,691,2013,213
MIDLAND AVE. AND PROGRESS AVE.,691,2014,199
MIDLAND AVE. AND PROGRESS AVE.,691,2015,212
MIDLAND AVE. AND PROGRESS AVE.,691,2016,211
MIDLAND AVE. AND PROGRESS AVE.,691,2017,81
ELLESMERE RD. AND KENNEDY RD.,696,2007,0
ELLESMERE RD. AND KENNEDY RD.,696,2008,225
ELLESMERE RD. AND KENNEDY RD.,696,2009,217
ELLESMERE RD. AND KENNEDY RD.,696,2010,256
ELLESMERE RD. AND KENNEDY RD.,696,2011,189
ELLESMERE RD. AND KENNEDY RD.,696,2012,235
ELLESMERE RD. AND KENNEDY RD.,696,2013,266
ELLESMERE RD. AND KENNEDY RD.,696,2014,232
ELLESMERE RD. AND KENNEDY RD.,696,2015,276
ELLESMERE RD. AND KENNEDY RD.,696,2016,326
ELLESMERE RD. AND KENNEDY RD.,696,2017,120
ELLESMERE RD. AND BELLAMY RD.,700,2007,
ELLESMERE RD. AND BELLAMY RD.,700,2008,
ELLESMERE RD. AND BELLAMY RD.,700,2009,
ELLESMERE RD. AND BELLAMY RD.,700,2010,
ELLESMERE RD. AND BELLAMY RD.,700,2011,
ELLESMERE RD. AND BELLAMY RD.,700,2012,
ELLESMERE RD. AND BELLAMY RD.,700,2013,
ELLESMERE RD. AND BELLAMY RD.,700,2014,
ELLESMERE RD. AND BELLAMY RD.,700,2015,
ELLESMERE RD. AND BELLAMY RD.,700,2016,
ELLESMERE RD. AND BELLAMY RD.,700,2017,290
MARKHAM RD. AND SHEPPARD AVE.,701,2007,
MARKHAM RD. AND SHEPPARD AVE.,701,2008,
MARKHAM RD. AND SHEPPARD AVE.,701,2009,
MARKHAM RD. AND SHEPPARD AVE.,701,2010,
MARKHAM RD. AND SHEPPARD AVE.,701,2011,
MARKHAM RD. AND SHEPPARD AVE.,701,2012,
MARKHAM RD. AND SHEPPARD AVE.,701,2013,
MARKHAM RD. AND SHEPPARD AVE.,701,2014,
MARKHAM RD. AND SHEPPARD AVE.,701,2015,
MARKHAM RD. AND SHEPPARD AVE.,701,2016,
MARKHAM RD. AND SHEPPARD AVE.,701,2017,571
MARKHAM RD AT ELLESMERE,702,2007,
MARKHAM RD AT ELLESMERE,702,2008,
MARKHAM RD AT ELLESMERE,702,2009,
MARKHAM RD AT ELLESMERE,702,2010,
MARKHAM RD AT ELLESMERE,702,2011,
MARKHAM RD AT ELLESMERE,702,2012,
MARKHAM RD AT ELLESMERE,702,2013,
MARKHAM RD AT ELLESMERE,702,2014,
MARKHAM RD AT ELLESMERE,702,2015,
MARKHAM RD AT ELLESMERE,702,2016,
MARKHAM RD AT ELLESMERE,702,2017,0
ISLINGTON AVE. AND THE WESTWAY,711,2007,0
ISLINGTON AVE. AND THE WESTWAY,711,2008,8
ISLINGTON AVE. AND THE WESTWAY,711,2009,308
ISLINGTON AVE. AND THE WESTWAY,711,2010,910
ISLINGTON AVE. AND THE WESTWAY,711,2011,385
ISLINGTON AVE. AND THE WESTWAY,711,2012,596
ISLINGTON AVE. AND THE WESTWAY,711,2013,833
ISLINGTON AVE. AND THE WESTWAY,711,2014,673
ISLINGTON AVE. AND THE WESTWAY,711,2015,689
ISLINGTON AVE. AND THE WESTWAY,711,2016,706
ISLINGTON AVE. AND THE WESTWAY,711,2017,480
ISLINGTON AVE. AND ALBION RD.,717,2007,
ISLINGTON AVE. AND ALBION RD.,717,2008,
ISLINGTON AVE. AND ALBION RD.,717,2009,
ISLINGTON AVE. AND ALBION RD.,717,2010,
ISLINGTON AVE. AND ALBION RD.,717,2011,
ISLINGTON AVE. AND ALBION RD.,717,2012,
ISLINGTON AVE. AND ALBION RD.,717,2013,
ISLINGTON AVE. AND ALBION RD.,717,2014,
ISLINGTON AVE. AND ALBION RD.,717,2015,
ISLINGTON AVE. AND ALBION RD.,717,2016,
ISLINGTON AVE. AND ALBION RD.,717,2017,67
REXDALE BLVD. AND KIPLING AVE.,729,2007,
REXDALE BLVD. AND KIPLING AVE.,729,2008,
REXDALE BLVD. AND KIPLING AVE.,729,2009,
REXDALE BLVD. AND KIPLING AVE.,729,2010,
REXDALE BLVD. AND KIPLING AVE.,729,2011,
REXDALE BLVD. AND KIPLING AVE.,729,2012,
REXDALE BLVD. AND KIPLING AVE.,729,2013,
REXDALE BLVD. AND KIPLING AVE.,729,2014,
REXDALE BLVD. AND KIPLING AVE.,729,2015,
REXDALE BLVD. AND KIPLING AVE.,729,2016,
REXDALE BLVD. AND KIPLING AVE.,729,2017,52
ALBION RD. AND KIPLING AVE.,734,2007,
ALBION RD. AND KIPLING AVE.,734,2008,
ALBION RD. AND KIPLING AVE.,734,2009,
ALBION RD. AND KIPLING AVE.,734,2010,
ALBION RD. AND KIPLING AVE.,734,2011,
ALBION RD. AND KIPLING AVE.,734,2012,
ALBION RD. AND KIPLING AVE.,734,2013,
ALBION RD. AND KIPLING AVE.,734,2014,
ALBION RD. AND KIPLING AVE.,734,2015,
ALBION RD. AND KIPLING AVE.,734,2016,
ALBION RD. AND KIPLING AVE.,734,2017,197
LESLIE ST. AND YORK MILLS RD.,755,2007,0
LESLIE ST. AND YORK MILLS RD.,755,2008,9
LESLIE ST. AND YORK MILLS RD.,755,2009,50
LESLIE ST. AND YORK MILLS RD.,755,2010,141
LESLIE ST. AND YORK MILLS RD.,755,2011,145
LESLIE ST. AND YORK MILLS RD.,755,2012,207
LESLIE ST. AND YORK MILLS RD.,755,2013,128
LESLIE ST. AND YORK MILLS RD.,755,2014,147
LESLIE ST. AND YORK MILLS RD.,755,2015,133
LESLIE ST. AND YORK MILLS RD.,755,2016,139
LESLIE ST. AND YORK MILLS RD.,755,2017,21
KIPLING AVE. AND HORNER AVE.,764,2007,0
KIPLING AVE. AND HORNER AVE.,764,2008,29
KIPLING AVE. AND HORNER AVE.,764,2009,20
KIPLING AVE. AND HORNER AVE.,764,2010,11
KIPLING AVE. AND HORNER AVE.,764,2011,5
KIPLING AVE. AND HORNER AVE.,764,2012,34
KIPLING AVE. AND HORNER AVE.,764,2013,35
KIPLING AVE. AND HORNER AVE.,764,2014,32
KIPLING AVE. AND HORNER AVE.,764,2015,20
KIPLING AVE. AND HORNER AVE.,764,2016,16
KIPLING AVE. AND HORNER AVE.,764,2017,1
ISLINGTON AVE. AND EVANS AVE.,775,2007,
ISLINGTON AVE. AND EVANS AVE.,775,2008,
ISLINGTON AVE. AND EVANS AVE.,775,2009,
ISLINGTON AVE. AND EVANS AVE.,775,2010,
ISLINGTON AVE. AND EVANS AVE.,775,2011,
ISLINGTON AVE. AND EVANS AVE.,775,2012,
ISLINGTON AVE. AND EVANS AVE.,775,2013,
ISLINGTON AVE. AND EVANS AVE.,775,2014,
ISLINGTON AVE. AND EVANS AVE.,775,2015,
ISLINGTON AVE. AND EVANS AVE.,775,2016,
ISLINGTON AVE. AND EVANS AVE.,775,2017,122
EGLINTON AVE. AND MARTIN GROVE RD.,786,2007,
EGLINTON AVE. AND MARTIN GROVE RD.,786,2008,
EGLINTON AVE. AND MARTIN GROVE RD.,786,2009,
EGLINTON AVE. AND MARTIN GROVE RD.,786,2010,
EGLINTON AVE. AND MARTIN GROVE RD.,786,2011,
EGLINTON AVE. AND MARTIN GROVE RD.,786,2012,
EGLINTON AVE. AND MARTIN GROVE RD.,786,2013,
EGLINTON AVE. AND MARTIN GROVE RD.,786,2014,
EGLINTON AVE. AND MARTIN GROVE RD.,786,2015,
EGLINTON AVE. AND MARTIN GROVE RD.,786,2016,
EGLINTON AVE. AND MARTIN GROVE RD.,786,2017,561
REXDALE BLVD. AND MARTIN GROVE RD.,790,2007,
REXDALE BLVD. AND MARTIN GROVE RD.,790,2008,
REXDALE BLVD. AND MARTIN GROVE RD.,790,2009,
REXDALE BLVD. AND MARTIN GROVE RD.,790,2010,
REXDALE BLVD. AND MARTIN GROVE RD.,790,2011,
REXDALE BLVD. AND MARTIN GROVE RD.,790,2012,
REXDALE BLVD. AND MARTIN GROVE RD.,790,2013,
REXDALE BLVD. AND MARTIN GROVE RD.,790,2014,
REXDALE BLVD. AND MARTIN GROVE RD.,790,2015,
REXDALE BLVD. AND MARTIN GROVE RD.,790,2016,
REXDALE BLVD. AND MARTIN GROVE RD.,790,2017,330
BLOOR ST. AND THE EAST MALL,792,2007,
BLOOR ST. AND THE EAST MALL,792,2008,
BLOOR ST. AND THE EAST MALL,792,2009,
BLOOR ST. AND THE EAST MALL,792,2010,
BLOOR ST. AND THE EAST MALL,792,2011,
BLOOR ST. AND THE EAST MALL,792,2012,
BLOOR ST. AND THE EAST MALL,792,2013,
BLOOR ST. AND THE EAST MALL,792,2014,
BLOOR ST. AND THE EAST MALL,792,2015,
BLOOR ST. AND THE EAST MALL,792,2016,
BLOOR ST. AND THE EAST MALL,792,2017,9
BLOOR ST. AND THE WEST MALL,793,2007,0
BLOOR ST. AND THE WEST MALL,793,2008,0
BLOOR ST. AND THE WEST MALL,793,2009,117
BLOOR ST. AND THE WEST MALL,793,2010,240
BLOOR ST. AND THE WEST MALL,793,2011,232
BLOOR ST. AND THE WEST MALL,793,2012,333
BLOOR ST. AND THE WEST MALL,793,2013,253
BLOOR ST. AND THE WEST MALL,793,2014,202
BLOOR ST. AND THE WEST MALL,793,2015,183
BLOOR ST. AND THE WEST MALL,793,2016,184
BLOOR ST. AND THE WEST MALL,793,2017,38
FINCH AVE. AND WILLOWDALE AVE.,807,2007,0
FINCH AVE. AND WILLOWDALE AVE.,807,2008,0
FINCH AVE. AND WILLOWDALE AVE.,807,2009,184
FINCH AVE. AND WILLOWDALE AVE.,807,2010,217
FINCH AVE. AND WILLOWDALE AVE.,807,2011,0
FINCH AVE. AND WILLOWDALE AVE.,807,2012,233
FINCH AVE. AND WILLOWDALE AVE.,807,2013,182
FINCH AVE. AND WILLOWDALE AVE.,807,2014,169
FINCH AVE. AND WILLOWDALE AVE.,807,2015,176
FINCH AVE. AND WILLOWDALE AVE.,807,2016,180
FINCH AVE. AND WILLOWDALE AVE.,807,2017,22
FINCH AVE. AND SENTINEL RD.,808,2007,
FINCH AVE. AND SENTINEL RD.,808,2008,
FINCH AVE. AND SENTINEL RD.,808,2009,
FINCH AVE. AND SENTINEL RD.,808,2010,
FINCH AVE. AND SENTINEL RD.,808,2011,
FINCH AVE. AND SENTINEL RD.,808,2012,
FINCH AVE. AND SENTINEL RD.,808,2013,
FINCH AVE. AND SENTINEL RD.,808,2014,
FINCH AVE. AND SENTINEL RD.,808,2015,
FINCH AVE. AND SENTINEL RD.,808,2016,
FINCH AVE. AND SENTINEL RD.,808,2017,341
FINCH AVE. AND SIGNET DR.,810,2007,
FINCH AVE. AND SIGNET DR.,810,2008,
FINCH AVE. AND SIGNET DR.,810,2009,
FINCH AVE. AND SIGNET DR.,810,2010,
FINCH AVE. AND SIGNET DR.,810,2011,
FINCH AVE. AND SIGNET DR.,810,2012,
FINCH AVE. AND SIGNET DR.,810,2013,
FINCH AVE. AND SIGNET DR.,810,2014,
FINCH AVE. AND SIGNET DR.,810,2015,
FINCH AVE. AND SIGNET DR.,810,2016,
FINCH AVE. AND SIGNET DR.,810,2017,523
DUPONT ST. AND LANSDOWNE AVE.,844,2007,0
DUPONT ST. AND LANSDOWNE AVE.,844,2008,380
DUPONT ST. AND LANSDOWNE AVE.,844,2009,177
DUPONT ST. AND LANSDOWNE AVE.,844,2010,116
DUPONT ST. AND LANSDOWNE AVE.,844,2011,216
DUPONT ST. AND LANSDOWNE AVE.,844,2012,380
DUPONT ST. AND LANSDOWNE AVE.,844,2013,331
DUPONT ST. AND LANSDOWNE AVE.,844,2014,237
DUPONT ST. AND LANSDOWNE AVE.,844,2015,346
DUPONT ST. AND LANSDOWNE AVE.,844,2016,742
DUPONT ST. AND LANSDOWNE AVE.,844,2017,1518
FINCH AVE. AND LESLIE ST.,868,2007,0
FINCH AVE. AND LESLIE ST.,868,2008,38
FINCH AVE. AND LESLIE ST.,868,2009,123
FINCH AVE. AND LESLIE ST.,868,2010,260
FINCH AVE. AND LESLIE ST.,868,2011,203
FINCH AVE. AND LESLIE ST.,868,2012,229
FINCH AVE. AND LESLIE ST.,868,2013,241
FINCH AVE. AND LESLIE ST.,868,2014,194
FINCH AVE. AND LESLIE ST.,868,2015,137
FINCH AVE. AND LESLIE ST.,868,2016,195
FINCH AVE. AND LESLIE ST.,868,2017,92
FINCH AVE. AND NORFINCH DR. / OAKDALE RD.,870,2007,
FINCH AVE. AND NORFINCH DR. / OAKDALE RD.,870,2008,
FINCH AVE. AND NORFINCH DR. / OAKDALE RD.,870,2009,
FINCH AVE. AND NORFINCH DR. / OAKDALE RD.,870,2010,
FINCH AVE. AND NORFINCH DR. / OAKDALE RD.,870,2011,
FINCH AVE. AND NORFINCH DR. / OAKDALE RD.,870,2012,
FINCH AVE. AND NORFINCH DR. / OAKDALE RD.,870,2013,
FINCH AVE. AND NORFINCH DR. / OAKDALE RD.,870,2014,
FINCH AVE. AND NORFINCH DR. / OAKDALE RD.,870,2015,
FINCH AVE. AND NORFINCH DR. / OAKDALE RD.,870,2016,
FINCH AVE. AND NORFINCH DR. / OAKDALE RD.,870,2017,35
MARKHAM RD. AND PROGRESS AVE.,878,2007,
MARKHAM RD. AND PROGRESS AVE.,878,2008,
MARKHAM RD. AND PROGRESS AVE.,878,2009,
MARKHAM RD. AND PROGRESS AVE.,878,2010,
MARKHAM RD. AND PROGRESS AVE.,878,2011,
MARKHAM RD. AND PROGRESS AVE.,878,2012,
MARKHAM RD. AND PROGRESS AVE.,878,2013,
MARKHAM RD. AND PROGRESS AVE.,878,2014,
MARKHAM RD. AND PROGRESS AVE.,878,2015,
MARKHAM RD. AND PROGRESS AVE.,878,2016,
MARKHAM RD. AND PROGRESS AVE.,878,2017,23
THE QUEENSWAY AND THE EAST MALL,911,2007,
THE QUEENSWAY AND THE EAST MALL,911,2008,
THE QUEENSWAY AND THE EAST MALL,911,2009,
THE QUEENSWAY AND THE EAST MALL,911,2010,
THE QUEENSWAY AND THE EAST MALL,911,2011,
THE QUEENSWAY AND THE EAST MALL,911,2012,
THE QUEENSWAY AND THE EAST MALL,911,2013,
THE QUEENSWAY AND THE EAST MALL,911,2014,
THE QUEENSWAY AND THE EAST MALL,911,2015,
THE QUEENSWAY AND THE EAST MALL,911,2016,
THE QUEENSWAY AND THE EAST MALL,911,2017,174
THE QUEENSWAY AND THE WEST MALL,912,2007,0
THE QUEENSWAY AND THE WEST MALL,912,2008,27
THE QUEENSWAY AND THE WEST MALL,912,2009,216
THE QUEENSWAY AND THE WEST MALL,912,2010,79
THE QUEENSWAY AND THE WEST MALL,912,2011,224
THE QUEENSWAY AND THE WEST MALL,912,2012,369
THE QUEENSWAY AND THE WEST MALL,912,2013,494
THE QUEENSWAY AND THE WEST MALL,912,2014,811
THE QUEENSWAY AND THE WEST MALL,912,2015,346
THE QUEENSWAY AND THE WEST MALL,912,2016,368
THE QUEENSWAY AND THE WEST MALL,912,2017,400
THE QUEENSWAY AND NORTH QUEEN ST.,917,2007,0
THE QUEENSWAY AND NORTH QUEEN ST.,917,2008,1
THE QUEENSWAY AND NORTH QUEEN ST.,917,2009,71
THE QUEENSWAY AND NORTH QUEEN ST.,917,2010,119
THE QUEENSWAY AND NORTH QUEEN ST.,917,2011,126
THE QUEENSWAY AND NORTH QUEEN ST.,917,2012,201
THE QUEENSWAY AND NORTH QUEEN ST.,917,2013,186
THE QUEENSWAY AND NORTH QUEEN ST.,917,2014,116
THE QUEENSWAY AND NORTH QUEEN ST.,917,2015,111
THE QUEENSWAY AND NORTH QUEEN ST.,917,2016,197
THE QUEENSWAY AND NORTH QUEEN ST.,917,2017,68
KENNEDY RD. AND WILLIAM KITCHEN RD.,920,2007,
KENNEDY RD. AND WILLIAM KITCHEN RD.,920,2008,
KENNEDY RD. AND WILLIAM KITCHEN RD.,920,2009,
KENNEDY RD. AND WILLIAM KITCHEN RD.,920,2010,
KENNEDY RD. AND WILLIAM KITCHEN RD.,920,2011,
KENNEDY RD. AND WILLIAM KITCHEN RD.,920,2012,
KENNEDY RD. AND WILLIAM KITCHEN RD.,920,2013,
KENNEDY RD. AND WILLIAM KITCHEN RD.,920,2014,
KENNEDY RD. AND WILLIAM KITCHEN RD.,920,2015,
KENNEDY RD. AND WILLIAM KITCHEN RD.,920,2016,
KENNEDY RD. AND WILLIAM KITCHEN RD.,920,2017,104
WARDEN AVE. AND ARKONA DR. / CLOVERLEAF GT.,927,2007,0
WARDEN AVE. AND ARKONA DR. / CLOVERLEAF GT.,927,2008,369
WARDEN AVE. AND ARKONA DR. / CLOVERLEAF GT.,927,2009,1218
WARDEN AVE. AND ARKONA DR. / CLOVERLEAF GT.,927,2010,1235
WARDEN AVE. AND ARKONA DR. / CLOVERLEAF GT.,927,2011,1113
WARDEN AVE. AND ARKONA DR. / CLOVERLEAF GT.,927,2012,1351
WARDEN AVE. AND ARKONA DR. / CLOVERLEAF GT.,927,2013,914
WARDEN AVE. AND ARKONA DR. / CLOVERLEAF GT.,927,2014,844
WARDEN AVE. AND ARKONA DR. / CLOVERLEAF GT.,927,2015,901
WARDEN AVE. AND ARKONA DR. / CLOVERLEAF GT.,927,2016,1322
WARDEN AVE. AND ARKONA DR. / CLOVERLEAF GT.,927,2017,1223
SHEPPARD AVE. AND MCCOWAN RD.,938,2007,
SHEPPARD AVE. AND MCCOWAN RD.,938,2008,
SHEPPARD AVE. AND MCCOWAN RD.,938,2009,
SHEPPARD AVE. AND MCCOWAN RD.,938,2010,
SHEPPARD AVE. AND MCCOWAN RD.,938,2011,
SHEPPARD AVE. AND MCCOWAN RD.,938,2012,
SHEPPARD AVE. AND MCCOWAN RD.,938,2013,
SHEPPARD AVE. AND MCCOWAN RD.,938,2014,
SHEPPARD AVE. AND MCCOWAN RD.,938,2015,
SHEPPARD AVE. AND MCCOWAN RD.,938,2016,
SHEPPARD AVE. AND MCCOWAN RD.,938,2017,453
BURNHAMTHORPE RD. AND THE EAST MALL,948,2007,0
BURNHAMTHORPE RD. AND THE EAST MALL,948,2008,241
BURNHAMTHORPE RD. AND THE EAST MALL,948,2009,328
BURNHAMTHORPE RD. AND THE EAST MALL,948,2010,168
BURNHAMTHORPE RD. AND THE EAST MALL,948,2011,161
BURNHAMTHORPE RD. AND THE EAST MALL,948,2012,0
BURNHAMTHORPE RD. AND THE EAST MALL,948,2013,504
BURNHAMTHORPE RD. AND THE EAST MALL,948,2014,422
BURNHAMTHORPE RD. AND THE EAST MALL,948,2015,504
BURNHAMTHORPE RD. AND THE EAST MALL,948,2016,530
BURNHAMTHORPE RD. AND THE EAST MALL,948,2017,314
JANE ST. AND STONG CRT. / YORK GATE BLVD.,972,2007,
JANE ST. AND STONG CRT. / YORK GATE BLVD.,972,2008,
JANE ST. AND STONG CRT. / YORK GATE BLVD.,972,2009,
JANE ST. AND STONG CRT. / YORK GATE BLVD.,972,2010,
JANE ST. AND STONG CRT. / YORK GATE BLVD.,972,2011,
JANE ST. AND STONG CRT. / YORK GATE BLVD.,972,2012,
JANE ST. AND STONG CRT. / YORK GATE BLVD.,972,2013,
JANE ST. AND STONG CRT. / YORK GATE BLVD.,972,2014,
JANE ST. AND STONG CRT. / YORK GATE BLVD.,972,2015,
JANE ST. AND STONG CRT. / YORK GATE BLVD.,972,2016,
JANE ST. AND STONG CRT. / YORK GATE BLVD.,972,2017,326
BIRCHMOUNT RD. AND HUNTINGWOOD DR.,987,2007,0
BIRCHMOUNT RD. AND HUNTINGWOOD DR.,987,2008,0
BIRCHMOUNT RD. AND HUNTINGWOOD DR.,987,2009,610
BIRCHMOUNT RD. AND HUNTINGWOOD DR.,987,2010,795
BIRCHMOUNT RD. AND HUNTINGWOOD DR.,987,2011,618
BIRCHMOUNT RD. AND HUNTINGWOOD DR.,987,2012,491
BIRCHMOUNT RD. AND HUNTINGWOOD DR.,987,2013,692
BIRCHMOUNT RD. AND HUNTINGWOOD DR.,987,2014,556
BIRCHMOUNT RD. AND HUNTINGWOOD DR.,987,2015,555
BIRCHMOUNT RD. AND HUNTINGWOOD DR.,987,2016,507
BIRCHMOUNT RD. AND HUNTINGWOOD DR.,987,2017,354
FINCH AVE. AND MARTIN GROVE RD.,992,2007,
FINCH AVE. AND MARTIN GROVE RD.,992,2008,
FINCH AVE. AND MARTIN GROVE RD.,992,2009,
FINCH AVE. AND MARTIN GROVE RD.,992,2010,
FINCH AVE. AND MARTIN GROVE RD.,992,2011,
FINCH AVE. AND MARTIN GROVE RD.,992,2012,
FINCH AVE. AND MARTIN GROVE RD.,992,2013,
FINCH AVE. AND MARTIN GROVE RD.,992,2014,
FINCH AVE. AND MARTIN GROVE RD.,992,2015,
FINCH AVE. AND MARTIN GROVE RD.,992,2016,
FINCH AVE. AND MARTIN GROVE RD.,992,2017,123
ALBION RD. AND FINCH AVE.,1001,2007,0
ALBION RD. AND FINCH AVE.,1001,2008,0
ALBION RD. AND FINCH AVE.,1001,2009,93
ALBION RD. AND FINCH AVE.,1001,2010,171
ALBION RD. AND FINCH AVE.,1001,2011,145
ALBION RD. AND FINCH AVE.,1001,2012,251
ALBION RD. AND FINCH AVE.,1001,2013,160
ALBION RD. AND FINCH AVE.,1001,2014,110
ALBION RD. AND FINCH AVE.,1001,2015,70
ALBION RD. AND FINCH AVE.,1001,2016,143
ALBION RD. AND FINCH AVE.,1001,2017,32
ALBION RD. AND FINCH AVE.,1001,2007,
ALBION RD. AND FINCH AVE.,1001,2008,
ALBION RD. AND FINCH AVE.,1001,2009,
ALBION RD. AND FINCH AVE.,1001,2010,
ALBION RD. AND FINCH AVE.,1001,2011,
ALBION RD. AND FINCH AVE.,1001,2012,
ALBION RD. AND FINCH AVE.,1001,2013,
ALBION RD. AND FINCH AVE.,1001,2014,
ALBION RD. AND FINCH AVE.,1001,2015,
ALBION RD. AND FINCH AVE.,1001,2016,
ALBION RD. AND FINCH AVE.,1001,2017,116
ELLESMERE RD. AND MILITARY TRL.,1082,2007,0
ELLESMERE RD. AND MILITARY TRL.,1082,2008,0
ELLESMERE RD. AND MILITARY TRL.,1082,2009,81
ELLESMERE RD. AND MILITARY TRL.,1082,2010,684
ELLESMERE RD. AND MILITARY TRL.,1082,2011,531
ELLESMERE RD. AND MILITARY TRL.,1082,2012,667
ELLESMERE RD. AND MILITARY TRL.,1082,2013,539
ELLESMERE RD. AND MILITARY TRL.,1082,2014,691
ELLESMERE RD. AND MILITARY TRL.,1082,2015,589
ELLESMERE RD. AND MILITARY TRL.,1082,2016,564
ELLESMERE RD. AND MILITARY TRL.,1082,2017,392
BAYVIEW AVE. AND TRUMAN RD. / FIFESHIRE RD.,1083,2007,0
BAYVIEW AVE. AND TRUMAN RD. / FIFESHIRE RD.,1083,2008,1416
BAYVIEW AVE. AND TRUMAN RD. / FIFESHIRE RD.,1083,2009,1962
BAYVIEW AVE. AND TRUMAN RD. / FIFESHIRE RD.,1083,2010,2291
BAYVIEW AVE. AND TRUMAN RD. / FIFESHIRE RD.,1083,2011,1966
BAYVIEW AVE. AND TRUMAN RD. / FIFESHIRE RD.,1083,2012,2210
BAYVIEW AVE. AND TRUMAN RD. / FIFESHIRE RD.,1083,2013,1589
BAYVIEW AVE. AND TRUMAN RD. / FIFESHIRE RD.,1083,2014,1093
BAYVIEW AVE. AND TRUMAN RD. / FIFESHIRE RD.,1083,2015,1163
BAYVIEW AVE. AND TRUMAN RD. / FIFESHIRE RD.,1083,2016,1994
BAYVIEW AVE. AND TRUMAN RD. / FIFESHIRE RD.,1083,2017,1934
SHEPPARD AVE. AND MORNINGSIDE AVE.,1108,2007,
SHEPPARD AVE. AND MORNINGSIDE AVE.,1108,2008,
SHEPPARD AVE. AND MORNINGSIDE AVE.,1108,2009,
SHEPPARD AVE. AND MORNINGSIDE AVE.,1108,2010,
SHEPPARD AVE. AND MORNINGSIDE AVE.,1108,2011,
SHEPPARD AVE. AND MORNINGSIDE AVE.,1108,2012,
SHEPPARD AVE. AND MORNINGSIDE AVE.,1108,2013,
SHEPPARD AVE. AND MORNINGSIDE AVE.,1108,2014,
SHEPPARD AVE. AND MORNINGSIDE AVE.,1108,2015,
SHEPPARD AVE. AND MORNINGSIDE AVE.,1108,2016,
SHEPPARD AVE. AND MORNINGSIDE AVE.,1108,2017,261
STEELES AVE. AND HILDA AVE.,1115,2007,25
STEELES AVE. AND HILDA AVE.,1115,2008,625
STEELES AVE. AND HILDA AVE.,1115,2009,527
STEELES AVE. AND HILDA AVE.,1115,2010,760
STEELES AVE. AND HILDA AVE.,1115,2011,846
STEELES AVE. AND HILDA AVE.,1115,2012,1000
STEELES AVE. AND HILDA AVE.,1115,2013,906
STEELES AVE. AND HILDA AVE.,1115,2014,632
STEELES AVE. AND HILDA AVE.,1115,2015,710
STEELES AVE. AND HILDA AVE.,1115,2016,786
STEELES AVE. AND HILDA AVE.,1115,2017,501
STEELES AVE. AND BIRCHMOUNT RD.,1138,2007,0
STEELES AVE. AND BIRCHMOUNT RD.,1138,2008,0
STEELES AVE. AND BIRCHMOUNT RD.,1138,2009,276
STEELES AVE. AND BIRCHMOUNT RD.,1138,2010,209
STEELES AVE. AND BIRCHMOUNT RD.,1138,2011,411
STEELES AVE. AND BIRCHMOUNT RD.,1138,2012,482
STEELES AVE. AND BIRCHMOUNT RD.,1138,2013,345
STEELES AVE. AND BIRCHMOUNT RD.,1138,2014,295
STEELES AVE. AND BIRCHMOUNT RD.,1138,2015,289
STEELES AVE. AND BIRCHMOUNT RD.,1138,2016,318
STEELES AVE. AND BIRCHMOUNT RD.,1138,2017,183
FINCH AVE. AND BIRCHMOUNT RD.,1138,2007,
FINCH AVE. AND BIRCHMOUNT RD.,1138,2008,
FINCH AVE. AND BIRCHMOUNT RD.,1138,2009,
FINCH AVE. AND BIRCHMOUNT RD.,1138,2010,
FINCH AVE. AND BIRCHMOUNT RD.,1138,2011,
FINCH AVE. AND BIRCHMOUNT RD.,1138,2012,
FINCH AVE. AND BIRCHMOUNT RD.,1138,2013,
FINCH AVE. AND BIRCHMOUNT RD.,1138,2014,
FINCH AVE. AND BIRCHMOUNT RD.,1138,2015,
FINCH AVE. AND BIRCHMOUNT RD.,1138,2016,
FINCH AVE. AND BIRCHMOUNT RD.,1138,2017,108
ALBION RD. AND SILVERSTONE DR.,1156,2007,222
ALBION RD. AND SILVERSTONE DR.,1156,2008,1467
ALBION RD. AND SILVERSTONE DR.,1156,2009,1137
ALBION RD. AND SILVERSTONE DR.,1156,2010,1092
ALBION RD. AND SILVERSTONE DR.,1156,2011,975
ALBION RD. AND SILVERSTONE DR.,1156,2012,1213
ALBION RD. AND SILVERSTONE DR.,1156,2013,1289
ALBION RD. AND SILVERSTONE DR.,1156,2014,1071
ALBION RD. AND SILVERSTONE DR.,1156,2015,779
ALBION RD. AND SILVERSTONE DR.,1156,2016,797
ALBION RD. AND SILVERSTONE DR.,1156,2017,604
HIGHWAY 27 AND FINCH AVE.,1163,2007,
HIGHWAY 27 AND FINCH AVE.,1163,2008,
HIGHWAY 27 AND FINCH AVE.,1163,2009,
HIGHWAY 27 AND FINCH AVE.,1163,2010,
HIGHWAY 27 AND FINCH AVE.,1163,2011,
HIGHWAY 27 AND FINCH AVE.,1163,2012,
HIGHWAY 27 AND FINCH AVE.,1163,2013,
HIGHWAY 27 AND FINCH AVE.,1163,2014,
HIGHWAY 27 AND FINCH AVE.,1163,2015,
HIGHWAY 27 AND FINCH AVE.,1163,2016,
HIGHWAY 27 AND FINCH AVE.,1163,2017,346
FINCH AVE. AND BRIMLEY RD.,1178,2007,
FINCH AVE. AND BRIMLEY RD.,1178,2008,
FINCH AVE. AND BRIMLEY RD.,1178,2009,
FINCH AVE. AND BRIMLEY RD.,1178,2010,
FINCH AVE. AND BRIMLEY RD.,1178,2011,
FINCH AVE. AND BRIMLEY RD.,1178,2012,
FINCH AVE. AND BRIMLEY RD.,1178,2013,
FINCH AVE. AND BRIMLEY RD.,1178,2014,
FINCH AVE. AND BRIMLEY RD.,1178,2015,
FINCH AVE. AND BRIMLEY RD.,1178,2016,
FINCH AVE. AND BRIMLEY RD.,1178,2017,123
KINGSTON RD. AND PORT UNION RD. / SHEPPARD AVE.,1201,2007,0
KINGSTON RD. AND PORT UNION RD. / SHEPPARD AVE.,1201,2008,60
KINGSTON RD. AND PORT UNION RD. / SHEPPARD AVE.,1201,2009,27
KINGSTON RD. AND PORT UNION RD. / SHEPPARD AVE.,1201,2010,48
KINGSTON RD. AND PORT UNION RD. / SHEPPARD AVE.,1201,2011,67
KINGSTON RD. AND PORT UNION RD. / SHEPPARD AVE.,1201,2012,82
KINGSTON RD. AND PORT UNION RD. / SHEPPARD AVE.,1201,2013,86
KINGSTON RD. AND PORT UNION RD. / SHEPPARD AVE.,1201,2014,95
KINGSTON RD. AND PORT UNION RD. / SHEPPARD AVE.,1201,2015,95
KINGSTON RD. AND PORT UNION RD. / SHEPPARD AVE.,1201,2016,78
KINGSTON RD. AND PORT UNION RD. / SHEPPARD AVE.,1201,2017,20
STEELES AVE. AND ISLINGTON AVE.,1208,2007,0
STEELES AVE. AND ISLINGTON AVE.,1208,2008,34
STEELES AVE. AND ISLINGTON AVE.,1208,2009,193
STEELES AVE. AND ISLINGTON AVE.,1208,2010,181
STEELES AVE. AND ISLINGTON AVE.,1208,2011,420
STEELES AVE. AND ISLINGTON AVE.,1208,2012,463
STEELES AVE. AND ISLINGTON AVE.,1208,2013,405
STEELES AVE. AND ISLINGTON AVE.,1208,2014,386
STEELES AVE. AND ISLINGTON AVE.,1208,2015,269
STEELES AVE. AND ISLINGTON AVE.,1208,2016,452
STEELES AVE. AND ISLINGTON AVE.,1208,2017,190
NEILSON RD. AND SHEPPARD AVE.,1222,2007,0
NEILSON RD. AND SHEPPARD AVE.,1222,2008,0
NEILSON RD. AND SHEPPARD AVE.,1222,2009,108
NEILSON RD. AND SHEPPARD AVE.,1222,2010,248
NEILSON RD. AND SHEPPARD AVE.,1222,2011,150
NEILSON RD. AND SHEPPARD AVE.,1222,2012,162
NEILSON RD. AND SHEPPARD AVE.,1222,2013,149
NEILSON RD. AND SHEPPARD AVE.,1222,2014,136
NEILSON RD. AND SHEPPARD AVE.,1222,2015,174
NEILSON RD. AND SHEPPARD AVE.,1222,2016,203
NEILSON RD. AND SHEPPARD AVE.,1222,2017,51
WILSON AVE. AND TRANSIT RD. / BILLY BISHOP WAY,1237,2007,0
WILSON AVE. AND TRANSIT RD. / BILLY BISHOP WAY,1237,2008,11
WILSON AVE. AND TRANSIT RD. / BILLY BISHOP WAY,1237,2009,108
WILSON AVE. AND TRANSIT RD. / BILLY BISHOP WAY,1237,2010,542
WILSON AVE. AND TRANSIT RD. / BILLY BISHOP WAY,1237,2011,274
WILSON AVE. AND TRANSIT RD. / BILLY BISHOP WAY,1237,2012,479
WILSON AVE. AND TRANSIT RD. / BILLY BISHOP WAY,1237,2013,476
WILSON AVE. AND TRANSIT RD. / BILLY BISHOP WAY,1237,2014,293
WILSON AVE. AND TRANSIT RD. / BILLY BISHOP WAY,1237,2015,475
WILSON AVE. AND TRANSIT RD. / BILLY BISHOP WAY,1237,2016,650
WILSON AVE. AND TRANSIT RD. / BILLY BISHOP WAY,1237,2017,489
PHARMACY AVE. AND MCNICOLL AVE.,1241,2007,
PHARMACY AVE. AND MCNICOLL AVE.,1241,2008,
PHARMACY AVE. AND MCNICOLL AVE.,1241,2009,
PHARMACY AVE. AND MCNICOLL AVE.,1241,2010,
PHARMACY AVE. AND MCNICOLL AVE.,1241,2011,
PHARMACY AVE. AND MCNICOLL AVE.,1241,2012,
PHARMACY AVE. AND MCNICOLL AVE.,1241,2013,
PHARMACY AVE. AND MCNICOLL AVE.,1241,2014,
PHARMACY AVE. AND MCNICOLL AVE.,1241,2015,
PHARMACY AVE. AND MCNICOLL AVE.,1241,2016,
PHARMACY AVE. AND MCNICOLL AVE.,1241,2017,221
WARDEN AVE. AND MCNICOLL AVE.,1287,2007,0
WARDEN AVE. AND MCNICOLL AVE.,1287,2008,0
WARDEN AVE. AND MCNICOLL AVE.,1287,2009,643
WARDEN AVE. AND MCNICOLL AVE.,1287,2010,1482
WARDEN AVE. AND MCNICOLL AVE.,1287,2011,1283
WARDEN AVE. AND MCNICOLL AVE.,1287,2012,1296
WARDEN AVE. AND MCNICOLL AVE.,1287,2013,1176
WARDEN AVE. AND MCNICOLL AVE.,1287,2014,915
WARDEN AVE. AND MCNICOLL AVE.,1287,2015,810
WARDEN AVE. AND MCNICOLL AVE.,1287,2016,329
WARDEN AVE. AND MCNICOLL AVE.,1287,2017,209
WARDEN AVE. AND MCNICOLL AVE.,1287,2007,
WARDEN AVE. AND MCNICOLL AVE.,1287,2008,
WARDEN AVE. AND MCNICOLL AVE.,1287,2009,
WARDEN AVE. AND MCNICOLL AVE.,1287,2010,
WARDEN AVE. AND MCNICOLL AVE.,1287,2011,
WARDEN AVE. AND MCNICOLL AVE.,1287,2012,
WARDEN AVE. AND MCNICOLL AVE.,1287,2013,
WARDEN AVE. AND MCNICOLL AVE.,1287,2014,
WARDEN AVE. AND MCNICOLL AVE.,1287,2015,
WARDEN AVE. AND MCNICOLL AVE.,1287,2016,
WARDEN AVE. AND MCNICOLL AVE.,1287,2017,526
STEELES AVE. AND WESTON RD.,1289,2007,
STEELES AVE. AND WESTON RD.,1289,2008,
STEELES AVE. AND WESTON RD.,1289,2009,
STEELES AVE. AND WESTON RD.,1289,2010,
STEELES AVE. AND WESTON RD.,1289,2011,
STEELES AVE. AND WESTON RD.,1289,2012,
STEELES AVE. AND WESTON RD.,1289,2013,
STEELES AVE. AND WESTON RD.,1289,2014,
STEELES AVE. AND WESTON RD.,1289,2015,
STEELES AVE. AND WESTON RD.,1289,2016,
STEELES AVE. AND WESTON RD.,1289,2017,58
JANE ST. AND BALA AVE. / EMMETT AVE.,1317,2007,0
JANE ST. AND BALA AVE. / EMMETT AVE.,1317,2008,1056
JANE ST. AND BALA AVE. / EMMETT AVE.,1317,2009,1060
JANE ST. AND BALA AVE. / EMMETT AVE.,1317,2010,1037
JANE ST. AND BALA AVE. / EMMETT AVE.,1317,2011,936
JANE ST. AND BALA AVE. / EMMETT AVE.,1317,2012,869
JANE ST. AND BALA AVE. / EMMETT AVE.,1317,2013,628
JANE ST. AND BALA AVE. / EMMETT AVE.,1317,2014,1049
JANE ST. AND BALA AVE. / EMMETT AVE.,1317,2015,990
JANE ST. AND BALA AVE. / EMMETT AVE.,1317,2016,882
JANE ST. AND BALA AVE. / EMMETT AVE.,1317,2017,344
BLOOR ST. AND DUNDAS ST.,1321,2007,0
BLOOR ST. AND DUNDAS ST.,1321,2008,0
BLOOR ST. AND DUNDAS ST.,1321,2009,129
BLOOR ST. AND DUNDAS ST.,1321,2010,348
BLOOR ST. AND DUNDAS ST.,1321,2011,146
BLOOR ST. AND DUNDAS ST.,1321,2012,297
BLOOR ST. AND DUNDAS ST.,1321,2013,328
BLOOR ST. AND DUNDAS ST.,1321,2014,267
BLOOR ST. AND DUNDAS ST.,1321,2015,226
BLOOR ST. AND DUNDAS ST.,1321,2016,198
BLOOR ST. AND DUNDAS ST.,1321,2017,824
NEILSON RD. AND MCLEVIN AVE.,1339,2007,
NEILSON RD. AND MCLEVIN AVE.,1339,2008,
NEILSON RD. AND MCLEVIN AVE.,1339,2009,
NEILSON RD. AND MCLEVIN AVE.,1339,2010,
NEILSON RD. AND MCLEVIN AVE.,1339,2011,
NEILSON RD. AND MCLEVIN AVE.,1339,2012,
NEILSON RD. AND MCLEVIN AVE.,1339,2013,
NEILSON RD. AND MCLEVIN AVE.,1339,2014,
NEILSON RD. AND MCLEVIN AVE.,1339,2015,
NEILSON RD. AND MCLEVIN AVE.,1339,2016,
NEILSON RD. AND MCLEVIN AVE.,1339,2017,122
WARDEN AVE. AND ASHTONBEE RD.,1377,2007,
WARDEN AVE. AND ASHTONBEE RD.,1377,2008,
WARDEN AVE. AND ASHTONBEE RD.,1377,2009,
WARDEN AVE. AND ASHTONBEE RD.,1377,2010,
WARDEN AVE. AND ASHTONBEE RD.,1377,2011,
WARDEN AVE. AND ASHTONBEE RD.,1377,2012,
WARDEN AVE. AND ASHTONBEE RD.,1377,2013,
WARDEN AVE. AND ASHTONBEE RD.,1377,2014,
WARDEN AVE. AND ASHTONBEE RD.,1377,2015,
WARDEN AVE. AND ASHTONBEE RD.,1377,2016,
WARDEN AVE. AND ASHTONBEE RD.,1377,2017,1083
LOWER JARVIS ST. AND THE ESPLANADE,1392,2007,0
LOWER JARVIS ST. AND THE ESPLANADE,1392,2008,0
LOWER JARVIS ST. AND THE ESPLANADE,1392,2009,414
LOWER JARVIS ST. AND THE ESPLANADE,1392,2010,891
LOWER JARVIS ST. AND THE ESPLANADE,1392,2011,108
LOWER JARVIS ST. AND THE ESPLANADE,1392,2012,0
LOWER JARVIS ST. AND THE ESPLANADE,1392,2013,284
LOWER JARVIS ST. AND THE ESPLANADE,1392,2014,727
LOWER JARVIS ST. AND THE ESPLANADE,1392,2015,665
LOWER JARVIS ST. AND THE ESPLANADE,1392,2016,692
LOWER JARVIS ST. AND THE ESPLANADE,1392,2017,2708
ST. CLAIR AVE. AND GUNNS RD. / OLD STOCK YARDS RD.,1404,2007,
ST. CLAIR AVE. AND GUNNS RD. / OLD STOCK YARDS RD.,1404,2008,
ST. CLAIR AVE. AND GUNNS RD. / OLD STOCK YARDS RD.,1404,2009,
ST. CLAIR AVE. AND GUNNS RD. / OLD STOCK YARDS RD.,1404,2010,
ST. CLAIR AVE. AND GUNNS RD. / OLD STOCK YARDS RD.,1404,2011,
ST. CLAIR AVE. AND GUNNS RD. / OLD STOCK YARDS RD.,1404,2012,
ST. CLAIR AVE. AND GUNNS RD. / OLD STOCK YARDS RD.,1404,2013,
ST. CLAIR AVE. AND GUNNS RD. / OLD STOCK YARDS RD.,1404,2014,
ST. CLAIR AVE. AND GUNNS RD. / OLD STOCK YARDS RD.,1404,2015,
ST. CLAIR AVE. AND GUNNS RD. / OLD STOCK YARDS RD.,1404,2016,
ST. CLAIR AVE. AND GUNNS RD. / OLD STOCK YARDS RD.,1404,2017,106
BIRCHMOUNT RD. AND MCNICOLL AVE.,1413,2007,
BIRCHMOUNT RD. AND MCNICOLL AVE.,1413,2008,
BIRCHMOUNT RD. AND MCNICOLL AVE.,1413,2009,
BIRCHMOUNT RD. AND MCNICOLL AVE.,1413,2010,
BIRCHMOUNT RD. AND MCNICOLL AVE.,1413,2011,
BIRCHMOUNT RD. AND MCNICOLL AVE.,1413,2012,
BIRCHMOUNT RD. AND MCNICOLL AVE.,1413,2013,
BIRCHMOUNT RD. AND MCNICOLL AVE.,1413,2014,
BIRCHMOUNT RD. AND MCNICOLL AVE.,1413,2015,
BIRCHMOUNT RD. AND MCNICOLL AVE.,1413,2016,
BIRCHMOUNT RD. AND MCNICOLL AVE.,1413,2017,89
FINCH AVE. AND MIDDLEFIELD RD.,1431,2007,
FINCH AVE. AND MIDDLEFIELD RD.,1431,2008,
FINCH AVE. AND MIDDLEFIELD RD.,1431,2009,
FINCH AVE. AND MIDDLEFIELD RD.,1431,2010,
FINCH AVE. AND MIDDLEFIELD RD.,1431,2011,
FINCH AVE. AND MIDDLEFIELD RD.,1431,2012,
FINCH AVE. AND MIDDLEFIELD RD.,1431,2013,
FINCH AVE. AND MIDDLEFIELD RD.,1431,2014,
FINCH AVE. AND MIDDLEFIELD RD.,1431,2015,
FINCH AVE. AND MIDDLEFIELD RD.,1431,2016,
FINCH AVE. AND MIDDLEFIELD RD.,1431,2017,193
STEELES AVE. AND BRIMLEY RD.,1491,2007,0
STEELES AVE. AND BRIMLEY RD.,1491,2008,365
STEELES AVE. AND BRIMLEY RD.,1491,2009,462
STEELES AVE. AND BRIMLEY RD.,1491,2010,402
STEELES AVE. AND BRIMLEY RD.,1491,2011,283
STEELES AVE. AND BRIMLEY RD.,1491,2012,552
STEELES AVE. AND BRIMLEY RD.,1491,2013,477
STEELES AVE. AND BRIMLEY RD.,1491,2014,370
STEELES AVE. AND BRIMLEY RD.,1491,2015,334
STEELES AVE. AND BRIMLEY RD.,1491,2016,379
STEELES AVE. AND BRIMLEY RD.,1491,2017,201
MCCOWAN RD. AND MCNICOLL AVE.,1493,2007,
MCCOWAN RD. AND MCNICOLL AVE.,1493,2008,
MCCOWAN RD. AND MCNICOLL AVE.,1493,2009,
MCCOWAN RD. AND MCNICOLL AVE.,1493,2010,
MCCOWAN RD. AND MCNICOLL AVE.,1493,2011,
MCCOWAN RD. AND MCNICOLL AVE.,1493,2012,
MCCOWAN RD. AND MCNICOLL AVE.,1493,2013,
MCCOWAN RD. AND MCNICOLL AVE.,1493,2014,
MCCOWAN RD. AND MCNICOLL AVE.,1493,2015,
MCCOWAN RD. AND MCNICOLL AVE.,1493,2016,
MCCOWAN RD. AND MCNICOLL AVE.,1493,2017,321
MIDLAND AVE. AND MCNICOLL AVE.,1540,2007,0
MIDLAND AVE. AND MCNICOLL AVE.,1540,2008,121
MIDLAND AVE. AND MCNICOLL AVE.,1540,2009,395
MIDLAND AVE. AND MCNICOLL AVE.,1540,2010,383
MIDLAND AVE. AND MCNICOLL AVE.,1540,2011,356
MIDLAND AVE. AND MCNICOLL AVE.,1540,2012,307
MIDLAND AVE. AND MCNICOLL AVE.,1540,2013,238
MIDLAND AVE. AND MCNICOLL AVE.,1540,2014,253
MIDLAND AVE. AND MCNICOLL AVE.,1540,2015,341
MIDLAND AVE. AND MCNICOLL AVE.,1540,2016,344
MIDLAND AVE. AND MCNICOLL AVE.,1540,2017,152
STEELES AVE. AND CARPENTER RD.,1564,2007,70
STEELES AVE. AND CARPENTER RD.,1564,2008,1061
STEELES AVE. AND CARPENTER RD.,1564,2009,1123
STEELES AVE. AND CARPENTER RD.,1564,2010,835
STEELES AVE. AND CARPENTER RD.,1564,2011,782
STEELES AVE. AND CARPENTER RD.,1564,2012,999
STEELES AVE. AND CARPENTER RD.,1564,2013,834
STEELES AVE. AND CARPENTER RD.,1564,2014,747
STEELES AVE. AND CARPENTER RD.,1564,2015,436
STEELES AVE. AND CARPENTER RD.,1564,2016,601
STEELES AVE. AND CARPENTER RD.,1564,2017,528
SHEPPARD AVE. AND MALVERN ST. / PROGRESS AVE,1568,2007,0
SHEPPARD AVE. AND MALVERN ST. / PROGRESS AVE,1568,2008,0
SHEPPARD AVE. AND MALVERN ST. / PROGRESS AVE,1568,2009,73
SHEPPARD AVE. AND MALVERN ST. / PROGRESS AVE,1568,2010,622
SHEPPARD AVE. AND MALVERN ST. / PROGRESS AVE,1568,2011,695
SHEPPARD AVE. AND MALVERN ST. / PROGRESS AVE,1568,2012,584
SHEPPARD AVE. AND MALVERN ST. / PROGRESS AVE,1568,2013,507
SHEPPARD AVE. AND MALVERN ST. / PROGRESS AVE,1568,2014,287
SHEPPARD AVE. AND MALVERN ST. / PROGRESS AVE,1568,2015,1038
SHEPPARD AVE. AND MALVERN ST. / PROGRESS AVE,1568,2016,829
SHEPPARD AVE. AND MALVERN ST. / PROGRESS AVE,1568,2017,655
SHEPPARD AVE. AND MALVERN ST. / PROGRESS AVE.,1568,2007,
SHEPPARD AVE. AND MALVERN ST. / PROGRESS AVE.,1568,2008,
SHEPPARD AVE. AND MALVERN ST. / PROGRESS AVE.,1568,2009,
SHEPPARD AVE. AND MALVERN ST. / PROGRESS AVE.,1568,2010,
SHEPPARD AVE. AND MALVERN ST. / PROGRESS AVE.,1568,2011,
SHEPPARD AVE. AND MALVERN ST. / PROGRESS AVE.,1568,2012,
SHEPPARD AVE. AND MALVERN ST. / PROGRESS AVE.,1568,2013,
SHEPPARD AVE. AND MALVERN ST. / PROGRESS AVE.,1568,2014,
SHEPPARD AVE. AND MALVERN ST. / PROGRESS AVE.,1568,2015,
SHEPPARD AVE. AND MALVERN ST. / PROGRESS AVE.,1568,2016,
SHEPPARD AVE. AND MALVERN ST. / PROGRESS AVE.,1568,2017,198
SPADINA AVE. AND BREMNER BLVD. / FORT YORK BLVD.,1579,2007,
SPADINA AVE. AND BREMNER BLVD. / FORT YORK BLVD.,1579,2008,
SPADINA AVE. AND BREMNER BLVD. / FORT YORK BLVD.,1579,2009,
SPADINA AVE. AND BREMNER BLVD. / FORT YORK BLVD.,1579,2010,
SPADINA AVE. AND BREMNER BLVD. / FORT YORK BLVD.,1579,2011,
SPADINA AVE. AND BREMNER BLVD. / FORT YORK BLVD.,1579,2012,
SPADINA AVE. AND BREMNER BLVD. / FORT YORK BLVD.,1579,2013,
SPADINA AVE. AND BREMNER BLVD. / FORT YORK BLVD.,1579,2014,
SPADINA AVE. AND BREMNER BLVD. / FORT YORK BLVD.,1579,2015,
SPADINA AVE. AND BREMNER BLVD. / FORT YORK BLVD.,1579,2016,
SPADINA AVE. AND BREMNER BLVD. / FORT YORK BLVD.,1579,2017,215
MORNINGSIDE AVE. AND MILNER AVE.,1584,2007,
MORNINGSIDE AVE. AND MILNER AVE.,1584,2008,
MORNINGSIDE AVE. AND MILNER AVE.,1584,2009,
MORNINGSIDE AVE. AND MILNER AVE.,1584,2010,
MORNINGSIDE AVE. AND MILNER AVE.,1584,2011,
MORNINGSIDE AVE. AND MILNER AVE.,1584,2012,
MORNINGSIDE AVE. AND MILNER AVE.,1584,2013,
MORNINGSIDE AVE. AND MILNER AVE.,1584,2014,
MORNINGSIDE AVE. AND MILNER AVE.,1584,2015,
MORNINGSIDE AVE. AND MILNER AVE.,1584,2016,
MORNINGSIDE AVE. AND MILNER AVE.,1584,2017,625
KENNEDY RD AT MCNICOLL AVE,1586,2007,
KENNEDY RD AT MCNICOLL AVE,1586,2008,
KENNEDY RD AT MCNICOLL AVE,1586,2009,
KENNEDY RD AT MCNICOLL AVE,1586,2010,
KENNEDY RD AT MCNICOLL AVE,1586,2011,
KENNEDY RD AT MCNICOLL AVE,1586,2012,
KENNEDY RD AT MCNICOLL AVE,1586,2013,
KENNEDY RD AT MCNICOLL AVE,1586,2014,
KENNEDY RD AT MCNICOLL AVE,1586,2015,
KENNEDY RD AT MCNICOLL AVE,1586,2016,
KENNEDY RD AT MCNICOLL AVE,1586,2017,152
QUEEN ST. AND LANSDOWNE AVE. / JAMESON AVE.,1981,2007,0
QUEEN ST. AND LANSDOWNE AVE. / JAMESON AVE.,1981,2008,0
QUEEN ST. AND LANSDOWNE AVE. / JAMESON AVE.,1981,2009,162
QUEEN ST. AND LANSDOWNE AVE. / JAMESON AVE.,1981,2010,344
QUEEN ST. AND LANSDOWNE AVE. / JAMESON AVE.,1981,2011,350
QUEEN ST. AND LANSDOWNE AVE. / JAMESON AVE.,1981,2012,802
QUEEN ST. AND LANSDOWNE AVE. / JAMESON AVE.,1981,2013,564
QUEEN ST. AND LANSDOWNE AVE. / JAMESON AVE.,1981,2014,812
QUEEN ST. AND LANSDOWNE AVE. / JAMESON AVE.,1981,2015,1056
QUEEN ST. AND LANSDOWNE AVE. / JAMESON AVE.,1981,2016,1145
QUEEN ST. AND LANSDOWNE AVE. / JAMESON AVE.,1981,2017,943
